city_name,state_name,population,area,gdp,id,city_name_evidence,city_name_evidence_refined,city_name_tag,city_name_reason,state_name_evidence,state_name_evidence_refined,state_name_tag,state_name_reason,population_evidence,population_evidence_refined,population_tag,population_reason,area_evidence,area_evidence_refined,area_tag,area_reason,gdp_evidence,gdp_evidence_refined,gdp_tag,gdp_reason
Denver,Colorado,715522,400.739,,1,"

Neighborhoods","

Neighborhoods",0,"The context only contains the word 'Neighborhoods' and does not mention any city name, including 'Denver'.",". Smaller roads are sometimes referred to as places, drives (though not all drives are smaller capacity roads; some are major thoroughfares), or courts. Most streets outside the area between Broadway and Colorado Boulevard are organized alphabetically from the city's center.
East of Colorado Boulevard, the naming convention of streets takes on a predictable pattern of going through the alphabet by using each letter twice (i.e. AA, BB, CC, DD, through YY – there is no Z). The first street is almost always named after a plant or fruit, the second street is almost always named after a foreign place or location",Most streets outside the area between Broadway and Colorado Boulevard are organized alphabetically from the city's center.,0,"The context mentions Colorado Boulevard, which is a street name, not the name of the state. The extracted value 'Colorado' is not the state name based on the given context.","

As of the 2020 census, the population of the City and County of Denver was 715,522, making it the 19th most populous U.S. city. The Denver–Aurora–Lakewood, CO Metropolitan Statistical Area had an estimated 2013 population of 2,697,476 and ranked as the 21st most populous U.S. metropolitan statistical area, and the larger Denver–Aurora–Boulder Combined Statistical Area had an estimated 2013 population of 3,277,309 and ranked as the 18th most populous U.S. metropolitan area","As of the 2020 census, the population of the City and County of Denver was 715,522, making it the 19th most populous U.S. city.",1,No reason provided,". At the 2020 United States census, the City and County of Denver had an area of 99,025 acres (400.739 km2), including 1,057 acres (4.276 km2) of water. The City and County of Denver is surrounded by three other counties: Adams County to the north and east, Arapahoe County to the south and east, and Jefferson County to the west","At the 2020 United States census, the City and County of Denver had an area of 99,025 acres (400.739 km2), including 1,057 acres (4.276 km2) of water.",1,No reason provided,"

The 17th street district includes many financial, business and corporate buildings. The United States Mint in Denver (2010) Republic Plaza, Colorado's tallest building Wells Fargo ""Cash Register"" building 1144 15th St: One of Denver's newest skyscrapers The Denver MSA has a gross metropolitan product of $157.6 billion in 2010, making it the 18th largest metro economy in the United States. Denver's economy is based partially on its geographic position and its connection to some of the country's major transportation systems",,0,"The context states the gross metropolitan product as $157.6 billion in 2010, but the extracted value is 'nan', which is incorrect."
Boston,Massachusetts,675647,125.0,,2,"
Boston

This article is about the American city. For other uses, see Boston (disambiguation).

Contents


Boston


Boston


Boston


Boston",Boston,1,No reason provided,"

Boston (US: /ˈbɔːstən/ ⓘ) is the capital and most populous city in the Commonwealth of Massachusetts in the United States. The city serves as the cultural and financial center of the New England region of the Northeastern United States. It has an area of 48.4 sq mi (125 km2) and a population of 675,647 as of the 2020 census, making it the third-largest city in the Northeast after New York City and Philadelphia",Boston (US: /ˈbɔːstən/ ⓘ) is the capital and most populous city in the Commonwealth of Massachusetts in the United States.,1,No reason provided,"

Historical population	Year	Pop.	±% Source: United States census records and Population Estimates Program data. 2010–2020 Source: U.S. Decennial Census
Packed circles diagram showing estimates of the ethnic origins of people in Boston in 2021 In 2020, Boston was estimated to have 691,531 residents living in 266,724 households—a 12% population increase over 2010. The city is the third-most densely populated large U.S. city of over half a million residents, and the most densely populated state capital. Some 1","In 2020, Boston was estimated to have 691,531 residents living in 266,724 households—a 12% population increase over 2010.",0,"The context states that in 2020, Boston was estimated to have 691,531 residents, but the extracted value is 675,647, which does not match the given population figure.",". An 1877 panoramic map of Boston Boston has an area of 89.63 sq mi (232.1 km2). Of this area, 48.4 sq mi (125.4 km2), or 54%, of it is land and 41.2 sq mi (106.7 km2), or 46%, of it is water. The city's official elevation, as measured at Logan International Airport, is 19 ft (5.8 m) above sea level","Of this area, 48.4 sq mi (125.4 km2), or 54%, of it is land and 41.2 sq mi (106.7 km2), or 46%, of it is water.",0,"The context states the total area of Boston is 232.1 km2, with 125.4 km2 as land area. The extracted value 125.0 does not match the total area but is close to the land area, so it is not the correct total area value.","

Top publicly traded Boston companies for 2018 (ranked by revenues) with City and U.S. ranks (in millions)
A global city, Boston is placed among the top 30 most economically powerful cities in the world. Encompassing $363 billion, the Greater Boston metropolitan area has the sixth-largest economy in the country and 12th-largest in the world.
Boston's colleges and universities exert a significant impact on the regional economy. Boston attracts more than 350,000 college students from around the world, who contribute more than US$4.8 billion annually to the city's economy",,0,"The context states the Greater Boston metropolitan area has an economy of $363 billion, but the extracted value is 'nan', which is not a valid GDP value."
Indianapolis,Indiana,887642,953.0,,3,"

Cityscape",Cityscape,0,"The context only contains the word 'Cityscape' and does not specify any city name, so 'Indianapolis' cannot be confirmed as correct.","
Indianapolis

This article is about the capital city of the U.S. state of Indiana. For other uses, see Indianapolis (disambiguation).
Not to be confused with Indianópolis, a municipality in Minas Gerais, Brazil.

Indianapolis


Indianapolis",the U.S. state of Indiana,1,No reason provided,".
At the 2020 census, the balance population was 887,642. Indianapolis is the 16th-most populous city in the U.S., the third-most populous city in the Midwest after Chicago and Columbus, Ohio, and the fourth-most populous state capital in the nation after Phoenix, Austin, and Columbus. The Indianapolis metropolitan area is the 34th-most populous metropolitan statistical area in the U.S., home to 2.1 million residents. With a population of more than 2.6 million, the combined statistical area ranks 27th","At the 2020 census, the balance population was 887,642.",1,The extracted value 887642 matches the population of the city mentioned in the context from the 2020 census.,". Census Bureau, the Indianapolis (balance) encompasses a total area of 367.9 square miles (953 km2), of which 361.6 square miles (937 km2) is land and 6.3 square miles (16 km2) is water. It is the 19th-most extensive city by land area in the U.S.
As a consolidated city-county, Indianapolis's city limits are coterminous with Marion County, except the autonomous and semi-autonomous municipalities outlined in Unigov","the Indianapolis (balance) encompasses a total area of 367.9 square miles (953 km2), of which 361.6 square miles (937 km2) is land and 6.3 square miles (16 km2) is water.",1,No reason provided,"

Indianapolis anchors the 29th largest metropolitan economy in the U.S., with a gross domestic product of US$184.4 billion in 2022. The city's major exports include pharmaceuticals, motor vehicle parts, medical equipment and supplies, engine and power equipment, and aircraft products and parts. According to the U.S. Bureau of Labor Statistics, the largest industries by employment in the Indianapolis metropolitan area are trade, transportation, and utilities; education and health services; professional and business services; government; leisure and hospitality; and manufacturing, respectively. The area's unemployment rate was 3.7% in February 2024",,0,"The context states the GDP as US$184.4 billion in 2022, but the extracted value is 'nan', which is not a valid extraction."
Dallas,Texas,1304379,999.3,,4,"

Notable people


International relations

The city of Dallas has worked to build Sister & Friendship City relationships around the globe. These relationships help create and strengthen partnerships between Dallas and the international community. The program aims to build global cooperation at the municipal level by promoting cultural understanding and stimulating economic development between Dallas and its foreign counterparts.

Sister cities


Friendship cities


See also


Notes",The city of Dallas has worked to build Sister & Friendship City relationships around the globe.,1,No reason provided,"

Dallas (/ˈdæləs/) is a city in the U.S. state of Texas and the most populous city in the Dallas–Fort Worth metroplex, the most populous metropolitan area in Texas and the fourth-most populous metropolitan area in the United States at 7.5 million people. It is the most populous city in and seat of Dallas County with portions extending into Collin, Denton, Kaufman, and Rockwall counties. With a 2020 census population of 1,304,379, it is the ninth-most populous city in the U.S","Dallas (/ˈdæləs/) is a city in the U.S. state of Texas and the most populous city in the Dallas–Fort Worth metroplex, the most populous metropolitan area in Texas and the fourth-most populous metropolitan area in the United States at 7.5 million people.",1,No reason provided,". Census Bureau estimates that Dallas in first years since the 2020 census lost 4,835 people, leaving the city with a population of 1,299,544.
There were 524,498 households at the 2020 estimates, up from 2010's 458,057 households, out of which 137,523 had children under the age of 18 living with them. Approximately 36.2% of households were headed by married couples living together, 57.2% had a single householder male or female with no spouse present, and 35","Census Bureau estimates that Dallas in first years since the 2020 census lost 4,835 people, leaving the city with a population of 1,299,544.",0,"The context states the population as 1,299,544, but the extracted value is 1,304,379, which does not match.",".3 km2); 340.5 square miles (881.9 km2) of Dallas is land and 45.3 square miles (117.4 km2) of it (11.75%) is water. Dallas makes up one-fifth of the much larger urbanized area known as the Dallas–Fort Worth metroplex, in which one quarter of all Texans live.",.3 km2),0,"The context states the land area of Dallas as 881.9 km2 and water area as 117.4 km2, which sums to approximately 999.3 km2. However, the context does not explicitly state the total area as 999.3 km2, so the extracted value is not directly supported by the context.",".8) (11.1) (15.3) (19.5) (24.1) (28.5) (30.7) (30.7) (26.7) (20.6) (14.3) (9.7) (20.0)
(3.3) (5.5) (9.7) (13.8) (18.9) (23.2) (25.4) (25.2) (21.2) (14.8) (8.8) (4.3) (14",,1,"The extracted value is 'nan', which indicates that no valid GDP value in the expected format (e.g., 7.2) could be found in the given context."
San Antonio,Texas,1434625,1205.4,,5,"

International relations


Sister cities


Friendship cities


Notable people


See also


Explanatory notes


References


Further reading


External links


San Antonio


Contents


I'm ChandlerAi,

",San Antonio,1,No reason provided,"

San Antonio (/ˌsæn ænˈtoʊnioʊ/ SAN an-TOH-nee-oh; Spanish for ""Saint Anthony""), officially the City of San Antonio, is a city in the U.S. state of Texas and the most populous city in Greater San Antonio, the third-largest metropolitan area in Texas and the 24th-largest metropolitan area in the United States at 2.6 million people in the 2020 US census. It is the most populous city in and the county seat of Bexar County",is a city in the U.S. state of Texas,1,No reason provided,". The city's population has nearly doubled in 35 years, from just over 650,000 in the 1970 census to an estimated 1.2 million in 2005, through both population growth and land annexation (the latter has considerably enlarged the physical area of the city). In 1990, the United States Census Bureau reported San Antonio's population as 55.6% Hispanic or Latino, 7.0% Black or African American, and 36.2% non-Hispanic white","The city's population has nearly doubled in 35 years, from just over 650,000 in the 1970 census to an estimated 1.2 million in 2005, through both population growth and land annexation (the latter has considerably enlarged the physical area of the city).",0,"The context provides population figures of just over 650,000 in 1970 and an estimated 1.2 million in 2005, but does not mention the value 1,434,625.",".8 km2) of San Antonio's total area is land and 4.5 square miles (11.7 km2) of it is water. The city's gently rolling terrain is dotted with oak trees, forested land, mesquite, and cacti. The Texas Hill Country reaches into the far northern portions of the city. San Antonio sits on the Balcones Escarpment. Its altitude is approximately 662 feet (202 m) above sea level.
The city's primary source of drinking water is the Edwards Aquifer",.8 km2) of San Antonio's total area is land and 4.5 square miles (11.7 km2) of it is water.,0,"The context does not provide the total area of the city in square kilometers. It only mentions land area and water area separately, but does not sum them or provide a total area value.","

San Antonio has a diversified economy with a gross domestic product (GDP) of approximately $121 billion in 2018. San Antonio's economy focuses primarily on military, health care, government–civil service, professional and business services, oil and gas, and tourism. Since the beginning of the 21st century, the city has become a significant location for American-based call centers and has added a sizable manufacturing sector centered around automobiles. The city also has a growing technology sector",,0,"The context states the GDP is approximately $121 billion in 2018, but the extracted value is 'nan', which is not a valid number."
Los Angeles,California,"3,820,914",1210.0,,6,"
Los Angeles

""LA"" and ""City of Los Angeles"" redirect here. For other uses, see Los Angeles (disambiguation), LA (disambiguation), and City of Los Angeles (disambiguation).

Los Angeles


Los Angeles",Los Angeles,1,No reason provided,"
Los Angeles

""LA"" and ""City of Los Angeles"" redirect here. For other uses, see Los Angeles (disambiguation), LA (disambiguation), and City of Los Angeles (disambiguation).

Los Angeles


Los Angeles",Los Angeles,0,The context does not mention the state name 'California' or any state name. It only mentions 'Los Angeles' without specifying the state.,"

The 2010 U.S. census reported Los Angeles had a population of 3,792,621. The population density was 8,092.3 people per square mile (3,124.5 people/km2). The age distribution was 874,525 people (23.1%) under 18, 434,478 people (11.5%) from 18 to 24, 1,209,367 people (31.9%) from 25 to 44, 877,555 people (23","The 2010 U.S. census reported Los Angeles had a population of 3,792,621.",0,"The context states the population as 3,792,621, but the extracted value is 3,820,914, which does not match.","

Satellite view of Los Angeles The city of Los Angeles covers a total area of 502.7 square miles (1,302 km2), comprising 468.7 square miles (1,214 km2) of land and 34.0 square miles (88 km2) of water. The city extends for 44 miles (71 km) from north to south and for 29 miles (47 km) from east to west. The perimeter of the city is 342 miles (550 km).
Los Angeles is both flat and hilly",Satellite view of Los Angeles The city of Los Angeles covers a total area of 502.,0,"The context states the land area as 1,214 km2, but the extracted value is 1,210 km2, which is slightly incorrect.",". Despite a steep exodus of film and television production since the COVID-19 pandemic, Los Angeles is still one of the largest hubs of American film production, the world's largest by revenue; the city is an important site in the history of film. It also has one of the busiest container ports in the Americas. In 2018, the Los Angeles metropolitan area had a gross metropolitan product of over $1.0 trillion, making it the city with the third-largest GDP in the world, after New York and Tokyo",,0,"The context states the gross metropolitan product of Los Angeles metropolitan area as over $1.0 trillion, but the extracted value is 'nan', which is not a valid number and does not represent the GDP."
Minneapolis,Minnesota,429954,152.8,,7,"

Cityscape


Demographics","

Cityscape


Demographics",0,"The context does not mention any city name, including Minneapolis.","

Cityscape


Demographics","

Cityscape


Demographics",0,The context does not provide any information about the state name. 'Minnesota' is not mentioned in the context.,"

Cityscape


Demographics","

Cityscape


Demographics",0,The context does not provide any information about the population value.,"

Cityscape


Demographics","

Cityscape


Demographics",0,The context does not provide any information about the area of the city.,". Five Fortune 500 corporations were headquartered within the city limits of Minneapolis:  Target Corporation, U.S. Bancorp, Xcel Energy, Ameriprise Financial, and Thrivent. The metro area's gross domestic product was $323.9 billion in 2022 ($337 billion in 2023).",,0,"The context provides the GDP values as $323.9 billion in 2022 and $337 billion in 2023, but the extracted value is 'nan', which is not a valid extraction."
Miami,Florida,442241,,344.9,8,"

Cityscape


Neighborhoods","

Cityscape


Neighborhoods",0,"The context does not mention any city name, including Miami.","

Miami,[b] officially the City of Miami, is a coastal city in the U.S. state of Florida and the county seat of Miami-Dade County in South Florida. It is the core of the Miami metropolitan area, which, with a population of 6.14 million, is the second-largest metropolitan area in the Southeast after Atlanta, and the ninth-largest in the United States. With a population of 442,241 as of the 2020 census, Miami is the second-most populous city in Florida after Jacksonville. Miami has the third-largest skyline in the U.S","Miami,[b] officially the City of Miami, is a coastal city in the U.S. state of Florida and the county seat of Miami-Dade County in South Florida.",1,No reason provided,".
Throughout the latter half of the twentieth century, the city experienced a certain amount of stagnation in its population, with expansion slowing during the 1950s and 1960s before nearly halting in the next three decades as suburbanization occurred. The city grew by 34.3% in the 1950s and 1960s as its population reached 334,859 at the 1970 census. However, in the next three decades, it only grew 8.2%, and by the time of the 2000 census, the city's population stood at 362,470","The city grew by 34.3% in the 1950s and 1960s as its population reached 334,859 at the 1970 census. However, in the next three decades, it only grew 8.2%, and by the time of the 2000 census, the city's population stood at 362,470",0,"The context states the population was 334,859 at the 1970 census and 362,470 at the 2000 census. The extracted value 442,241 does not match any population figure mentioned in the context.","

Cityscape


Neighborhoods",,0,The extracted value 'nan' is not a valid area value and the context does not provide any numerical area information.,". Miami has a Gross Metropolitan Product of $257 billion, ranking 11th in the United States and 20th worldwide in GMP","Miami has a Gross Metropolitan Product of $257 billion, ranking 11th in the United States and 20th worldwide in GMP",0,"The context states Miami's Gross Metropolitan Product as $257 billion, which is equivalent to 257,000 million, not 344.9 million."
Inglewood,California,"107,762",24.0, ,9,"

Mapping L.A.","

Mapping L.A.",0,"The context only contains 'Mapping L.A.', which refers to Los Angeles, not Inglewood.","

Mapping L.A.",Mapping L.A.,0,The context 'Mapping L.A.' does not explicitly mention the state name 'California'.,"

Demographics


2020 census


2010 census","Demographics


2020 census


2010 census",0,"The context does not provide any population number, only mentions census years without population data.",".0)
(69) (83) (47) (18) (5.6) (2.0) (0.76) (1.3) (5.3) (14) (28) (52) (326)",".0)
(69) (83) (47) (18) (5.6) (2.0) (0.76) (1.3) (5.3) (14) (28) (52) (326)",0,The context does not contain the value 24.0 or any value that clearly represents the area of the city in square kilometers.,"

(18.4) (18.5) (18.5) (19.7) (20.7) (22.2) (24.0) (24.6) (24.4) (23.1) (21.3) (18.9) (21.2)
(8.6) (9.4) (10.3) (11.7) (13.6) (15.4) (17.2) (17.7) (17.0) (14.7) (11.3) (8.8) (13","

(18.4) (18.5) (18.5) (19.7) (20.7) (22.2) (24.0) (24.6) (24.4) (23.1) (21.3) (18.9) (21.2)
(8.6) (9.4) (10.3) (11.7) (13.6) (15.4) (17.2) (17.7) (17.0) (14.7) (11.3) (8.8) (13",0,No value for gdp was extracted from the context.
Portland,Oregon,"652,503",375.78,,10,"

Cityscape",Cityscape,0,"The context only contains the word 'Cityscape' and does not specify any city name, so 'Portland' cannot be confirmed as correct.","

Cityscape",Cityscape,0,"The context only contains the word 'Cityscape' and does not provide any information about the state name. Therefore, the extracted value 'Oregon' cannot be verified as correct.","

As of the 2010 census, there were 583,776 people living in the city, organized into 235,508 households. The population density was 4,375.2 people per square mile. There were 265,439 housing units at an average density of 1,989.4 per square mile (768.1/km2). Population growth in Portland increased 10.3% between 2000 and 2010. Population growth in the Portland metropolitan area has outpaced the national average during the last decade, and this is expected to continue over the next 50 years","As of the 2010 census, there were 583,776 people living in the city, organized into 235,508 households.",0,"The context states the population as 583,776 people as of the 2010 census, not 652,503.",".43 square miles (345.58 km2) is land and 11.66 square miles (30.20 km2) is water. Although almost all of Portland is within Multnomah County, small portions of the city are within Clackamas and Washington counties.","Although almost all of Portland is within Multnomah County, small portions of the city are within Clackamas and Washington counties.",1,"The total area is the sum of land area (345.58 km2) and water area (30.20 km2), which equals 375.78 km2, matching the extracted value.",".4) (7.9) (4.6) (1.7) (6.4)
See or edit raw graph data.",,1,"The extracted value is 'nan', which indicates that no valid GDP value was found in the context. The context contains numbers but none are explicitly labeled as GDP, so 'nan' is a correct extraction."
San Francisco,California,808988,121.0,252200,11,"

Neighborhoods","

Neighborhoods",0,"The context only contains the word 'Neighborhoods' and does not mention any city name, including 'San Francisco'.","
San Francisco

The content is as wide as possible for your browser window.
This page is always in light mode.
This article is about the city and county in California. For other uses, see San Francisco (disambiguation).

San Francisco


San Francisco",This article is about the city and county in California.,1,No reason provided,"

The 2020 United States census showed San Francisco's population to be 873,965, an increase of 8.5% from the 2010 census. With roughly one-quarter the population density of Manhattan, San Francisco is the second-most densely populated large American city, behind only New York City among cities greater than 200,000 population, and the fifth-most densely populated U.S. county, following only four of the five New York City boroughs.
San Francisco is part of the five-county San Francisco–Oakland–Hayward, CA Metropolitan Statistical Area, a region of 4","The 2020 United States census showed San Francisco's population to be 873,965, an increase of 8.5% from the 2010 census.",0,"The context states the population as 873,965 according to the 2020 census, not 808,988.",". The mainland within the city limits roughly forms a ""seven-by-seven-mile square,"" a common local colloquialism referring to the city's shape, though its total area, including water, is nearly 232 square miles (600 km2).
There are more than 50 hills within the city limits. Some neighborhoods are named after the hill on which they are situated, including Nob Hill, Potrero Hill, and Russian Hill. Near the geographic center of the city, southwest of the downtown area, are a series of less densely populated hills","The mainland within the city limits roughly forms a ""seven-by-seven-mile square,"" a common local colloquialism referring to the city's shape, though its total area, including water, is nearly 232 square miles (600 km2).",0,"The context states the total area, including water, is nearly 600 km², which is significantly different from the extracted value of 121.0 km².",". As of 2020[update], the metropolitan area, with 6.7 million residents, ranked 5th by GDP ($874 billion) and 2nd by GDP per capita ($131,082) across the OECD countries, ahead of global cities like Paris, London, and Singapore. San Francisco anchors the 13th most populous metropolitan statistical area in the United States with 4.6 million residents, and the fourth-largest by aggregate income and economic output, with a GDP of $729 billion in 2022[update]","As of 2020[update], the metropolitan area, with 6.7 million residents, ranked 5th by GDP ($874 billion) and 2nd by GDP per capita ($131,082) across the OECD countries, ahead of global cities like Paris, London, and Singapore.",0,"The context states the GDP as $729 billion in 2022, which is 729000 million, not 252200 million."
Philadelphia,Pennsylvania,1603797,,518.5,12,"

Cityscape


City planning","

Cityscape


City planning",0,"The context does not mention any city name, including Philadelphia.","

Cityscape


City planning","

Cityscape


City planning",0,"The context does not mention any state name, including Pennsylvania.",".2% used public transit, 8.2% carpooled, 7.9% walked, and 7.0% worked from home. The average commute is 31 minutes.
After the 1950 census, when a record high of 2,071,605 was recorded, the city's population began a long decline. The population dropped to a low of 1,488,710 residents in 2006 before beginning to rise again. Between 2006 and 2017, Philadelphia added 92,153 residents. In 2017, the U.S","In 2017, the U.S",0,"The context mentions population numbers of 2,071,605 (record high), 1,488,710 (low in 2006), and an increase of 92,153 residents between 2006 and 2017, but does not mention the value 1,603,797.","

Philadelphia's geographic center is about 40° 0′ 34″ north latitude and 75° 8′ 0″ west longitude. The 40th parallel north passes through neighborhoods in Northeast Philadelphia, North Philadelphia, and West Philadelphia including Fairmount Park. The city encompasses 142.71 square miles (369.62 km2), of which 134.18 square miles (347.52 km2) is land and 8.53 square miles (22.09 km2), or 6%, is water",,0,"The extracted value is 'nan', but the context provides the area as 369.62 km2.","

Philadelphia's close geographical and transportation connections to other large metropolitan economies along the Eastern Seaboard of the United States have been cited as offering a significant competitive advantage for business creation and entrepreneurship. The city is the center of economic activity in both Pennsylvania and the four-state Delaware Valley metropolitan region. Five Fortune 500 companies are headquartered in the city. As of 2021[update], the Philadelphia metropolitan area is estimated to produce a gross metropolitan product (GMP) of US$479 billion, an increase from the $445 billion calculated by the Bureau of Economic Analysis for 2017, representing the ninth-largest U.S","As of 2021[update], the Philadelphia metropolitan area is estimated to produce a gross metropolitan product (GMP) of US$479 billion, an increase from the $445 billion calculated by the Bureau of Economic Analysis for 2017, representing the ninth-largest U.S",0,"The context states the gross metropolitan product (GMP) of the Philadelphia metropolitan area as US$479 billion in 2021, not 518.5 million. The extracted value 518.5 does not match the given data and is not in millions as described."
New Orleans,Louisiana,"383,997",,,13,"

Cityscape","

Cityscape",0,"The context only contains the word 'Cityscape' and does not specify any city name, so 'New Orleans' cannot be confirmed as correct.","

Cityscape","

Cityscape",0,"The context only contains the word 'Cityscape' and does not provide any information about the state name. Therefore, the extracted value 'Louisiana' cannot be verified as correct.",". According to the 2020 United States census, there were 383,997 people, 151,753 households, and 69,370 families residing in the city. Prior to 1960, the population of New Orleans steadily increased to a historic 627,525.
Beginning in 1960, the population decreased due to factors such as the cycles of oil production and tourism,[additional citation(s) needed] and as suburbanization increased (as with many cities), and jobs migrated to surrounding parishes","According to the 2020 United States census, there were 383,997 people, 151,753 households, and 69,370 families residing in the city.",1,"The extracted value 383,997 matches the population mentioned in the context according to the 2020 United States census.",". Census Bureau, the city's area is 350 square miles (910 km2), of which 169 square miles (440 km2) is land and 181 square miles (470 km2) (52%) is water. The area along the river is characterized by ridges and hollows.",,0,"The extracted value is 'nan', but the context provides the city's area as 910 km2. Therefore, the extracted value is not correct.",".7) (27.7) (23.1) (17.6) (14.3) (22.1)
(8.1) (10.3) (13.2) (16.7) (20.7) (23.8) (24.8) (24.9) (23.1) (18.2) (12.6) (9.4) (17.2)",,1,"The extracted value is 'nan', which indicates that no valid GDP value was found in the context. The context contains multiple numbers, but none are explicitly labeled as GDP, so 'nan' is a correct extraction."
Chicago,Illinois,2746388,,689000,14,"
Chicago

This article is about the city in Illinois. For the band, see Chicago (band). For other uses, see Chicago (disambiguation).

Chicago


Chicago",Chicago,1,No reason provided,"
Chicago

This article is about the city in Illinois. For the band, see Chicago (band). For other uses, see Chicago (disambiguation).

Chicago


Chicago",This article is about the city in Illinois.,1,No reason provided,". At the end of the 19th century, Chicago was the 5th-most populous city in the world, and the largest of the cities that did not exist at the dawn of the century. Within sixty years of the Great Chicago Fire of 1871, the population went from about 300,000 to over 3 million, and reached its highest ever recorded population of 3.6 million for the 1950 census","Within sixty years of the Great Chicago Fire of 1871, the population went from about 300,000 to over 3 million, and reached its highest ever recorded population of 3.6 million for the 1950 census",0,"The context states the population reached over 3 million within sixty years of 1871 and 3.6 million in 1950, which is higher than the extracted value of 2,746,388.","

Parks and greenspace",,0,"The context does not provide any information about the area of the city, so 'nan' is not a correct extracted value.","

Federal Reserve Bank of Chicago The Chicago Board of Trade Building Chicago has the third-largest gross metropolitan product in the United States—about $670.5 billion according to September 2017 estimates. The city has also been rated as having the most balanced economy in the United States, due to its high level of diversification. The Chicago metropolitan area has the third-largest science and engineering work force of any metropolitan area in the nation","The city has also been rated as having the most balanced economy in the United States, due to its high level of diversification.",0,"The context states the gross metropolitan product as about $670.5 billion, which is 670,500 million, not 689,000 million."
Orlando,Florida,307573,,,15,"
Orlando, Florida

""Orlando (city)"" redirects here. For other places named Orlando, see Orlando § Places.

Orlando, Florida


Orlando, Florida","Orlando, Florida",1,No reason provided,"
Orlando, Florida

""Orlando (city)"" redirects here. For other places named Orlando, see Orlando § Places.

Orlando, Florida


Orlando, Florida","Orlando, Florida",1,No reason provided,"

As of the 2020 United States census, there were 307,573 people, 113,238 households, and 61,667 families residing in the city.
As of the 2010 United States census, there were 238,300 people, 97,661 households, and 51,716 families residing in the city.
Map of racial distribution in Orlando, 2010 U.S. Census","As of the 2020 United States census, there were 307,573 people, 113,238 households, and 61,667 families residing in the city.",1,No reason provided,"

Metropolitan statistical area",,0,The extracted value 'nan' is not a valid area value and does not represent the area of the city in square kilometers.,".1)
(0.7) (2.5) (5.2) (9.6) (14.6) (19.7) (21.4) (21.5) (19.9) (11.9) (6.9) (3.1) (−0.4)",,0,"The extracted value is 'nan', which is not a valid numeric value representing GDP. The context contains multiple numeric values, but 'nan' does not correspond to any of them."
Salt Lake City,Utah,200133,286.0,,16,"

Cityscape","

Cityscape",0,"The context only contains the word 'Cityscape' which does not specify any city name. Therefore, 'Salt Lake City' is not correctly extracted from the context.","
Salt Lake City

This article is about the capital of Utah. For other uses, see Salt Lake City (disambiguation).

Salt Lake City


Salt Lake City",the capital of Utah,1,No reason provided,".
There were 186,440 people (up from 181,743 in 2000), 75,177 households, and 57,543 families in the city. This amounts to 6.75% of Utah's population, 18.11% of Salt Lake County's population, and 16.58% of the new Salt Lake metropolitan population. The area within the city limits covers 14.2% of Salt Lake County. Salt Lake City was more densely populated than the surrounding metro area with a population density of 1,688.77/sqmi (1,049.36/km2)","There were 186,440 people (up from 181,743 in 2000), 75,177 households, and 57,543 families in the city.",0,"The context states the population as 186,440 people, not 200,133.","

Satellite photo of Salt Lake County Astronaut photography of Salt Lake International Airport in west SLC, taken from the International Space Station (ISS). North is at bottom. Salt Lake City and adjacent suburbs, facing south Salt Lake City has an area of 110.4 square miles (286 km2) and an average elevation of 4,327 feet (1,319 m) above sea level","Satellite photo of Salt Lake County Astronaut photography of Salt Lake International Airport in west SLC, taken from the International Space Station (ISS).",1,No reason provided,.2) (7.6) (7.3) (4.4) (1.4) (−2.0) (−5.7) (0.5),,0,"The extracted value is 'nan', which is not a valid numeric value. The context contains multiple numeric values, so the extraction should have been one of those numbers."
Toronto,Ontario,2794356,630.2,,17,"

Sister cities


Partnership cities


Friendship cities


Notable people


See also


Notes


References


Bibliography


Further reading


External links


Toronto


Contents


Contents

",Toronto,1,No reason provided,"

Streets and highways",Streets and highways,0,"The context 'Streets and highways' does not provide any information about a state name, so 'Ontario' cannot be verified as correct.","

In the 2021 Census of Population conducted by Statistics Canada, Toronto had a population of 2,794,356 living in 1,160,892 of its 1,253,238 total private dwellings, a change of 2.3 percent from its 2016 population of 2,731,571. With a land area of 631.1 km2 (243.7 sq mi), it had a population density of 4,427.8/km2 (11,467.8/sq mi) in 2021","In the 2021 Census of Population conducted by Statistics Canada, Toronto had a population of 2,794,356 living in 1,160,892 of its 1,253,238 total private dwellings, a change of 2.",1,No reason provided,"

Satellite image of Toronto and the surrounding area Toronto covers an area of 630 square kilometres (243 sq mi), with a maximum north–south distance of 21 kilometres (13 mi). It has a maximum east–west distance of 43 km (27 mi), and it has a 46-kilometre (29 mi) long waterfront shoreline, on the northwestern shore of Lake Ontario. The Toronto Islands and Port Lands extend out into the lake, allowing for a somewhat sheltered Toronto Harbour south of the downtown core","Toronto covers an area of 630 square kilometres (243 sq mi), with a maximum north–south distance of 21 kilometres (13 mi).",0,"The context states the area of Toronto as 630 square kilometres, but the extracted value is 630.2, which is slightly different.",".53 billion in 2020 and a ten-year capital budget and plan of CA$43.5 billion. The city's revenues include subsidies from the Government of Canada and the Government of Ontario (for programs mandated by those governments), 33 per cent from property tax, 6 per cent from the land transfer tax and the rest from other tax revenues and user fees. The city's largest operating expenditures are the Toronto Transit Commission at CA$2.14 billion, and the Toronto Police Service, CA$1.22 billion.",,0,The context does not provide any information about the GDP of the city. The extracted value 'nan' is not a valid GDP value and cannot be derived from the given text.
Phoenix,Arizona,1662607,1341.0,362000,18,"

Cityscape


Neighborhoods","

Cityscape


Neighborhoods",0,"The context does not mention any city name, including Phoenix.","
Phoenix, Arizona

The content is as wide as possible for your browser window.
This page is always in light mode.
""Phoenix, United States"" and ""Phoenix (city)"" redirect here. For other cities, see Phoenix (disambiguation) § Places.

Phoenix, Arizona


Phoenix, Arizona","Phoenix, Arizona",1,No reason provided,". The population density is 2,797.8 people per square mile, and the city's median age is 32.2 years, with only 10.9 of the population being over 62. 98.5% of Phoenix's population lives in households with an average household size of 2.77 people.
There were 514,806 total households, with 64.2% of those households consisting of families: 42.3% married couples, 7% with an unmarried male as head of household, and 14.9% with an unmarried female as head of household. 33","The population density is 2,797.8 people per square mile, and the city's median age is 32.2 years, with only 10.9 of the population being over 62.",0,"The context does not provide a specific population number, only population density and household information. The extracted value 1662607 is not mentioned in the context.",".9 sq mi (1,341 km2), of which 516.7 sq mi (1,338 km2) is land and 1.2 sq mi (3.1 km2), or 0.2%, is water.
Maricopa County grew by 711% from 186,000 in 1940 to 1,509,000 by 1980, due in part to air conditioning, cheap housing, and an influx of retirees",".9 sq mi (1,341 km2), of which 516.7 sq mi (1,338 km2) is land and 1.2 sq mi (3.1 km2), or 0.2%, is water.",1,No reason provided,".
As of 2017[update], the Phoenix MSA had a Gross Domestic Product (GDP) of just under $243 billion. The top five industries were: real estate ($41.96), finance and insurance ($19.71), manufacturing ($19.91), retail trade ($18.64), and health care ($19.78). Government (including federal, state and local), if it had been a private industry, would have been ranked second on the list, generating $23.37 billion.
In Phoenix, real estate developers face few constraints when planning and developing new projects","As of 2017[update], the Phoenix MSA had a Gross Domestic Product (GDP) of just under $243 billion.",0,"The context states the GDP as just under $243 billion, which is approximately 243000 million, not 362000 million."
"Washington, D.C.",,"689,545",177.0,,19,"

Cityscape","

Cityscape",0,"The context only contains the word 'Cityscape' and does not specify any city name, so 'Washington, D.C.' cannot be confirmed as correct.","

Cityscape",,0,The extracted value 'nan' does not represent a valid state name and there is no state name mentioned in the context 'Cityscape'.,"

Main article: Demographics of Washington, D.C.
The U.S. Census Bureau estimates that the district's population was 705,749 as of July 2019, up more than 100,000 people since the 2010 United States Census. When measured decade-over-decade, this shows growth since 2000, following a half-century of population decline. Washington was the 24th-most populous place in the United States as of 2010[update]. According to data from 2010, commuters from the suburbs boost the district's daytime population past one million","The U.S. Census Bureau estimates that the district's population was 705,749 as of July 2019, up more than 100,000 people since the 2010 United States Census.",0,"The context states the population was 705,749 as of July 2019, which is different from the extracted value of 689,545.","

Main article: Geography of Washington, D.C.
The Washington Monument viewed from the Tidal Basin during the National Cherry Blossom Festival in April 2018 Washington, D.C., is located in the Mid-Atlantic region of the U.S. East Coast. The city has a total area of 68.34 square miles (177 km2), of which 61.05 square miles (158.1 km2) is land and 7.29 square miles (18.9 km2) (10.67%) is water","The city has a total area of 68.34 square miles (177 km2), of which 61.05 square miles (158.1 km2) is land and 7.29 square miles (18.9 km2) (10.67%) is water",1,No reason provided,". In 2016, at $160,472, its GDP per capita was almost three times greater than that of Massachusetts, which was ranked second in the nation (see List of U.S. states and territories by GDP). As of 2022[update], the metropolitan statistical area's unemployment rate was 3.1%, ranking 171 out of the 389 metropolitan areas as defined by the U.S. Bureau of Economic Analysis. The District of Columbia itself had an unemployment rate of 4.6% during the same time period. In 2019, Washington, D.C",,0,"The context provides GDP per capita value ($160,472) but does not provide the gross domestic product (GDP) of the city in millions. The extracted value 'nan' is not correct as the GDP value is not mentioned."
Cleveland,Ohio,"372,624",213.6,,20,"
Cleveland

This article is about the city in Ohio. For the metropolitan area, see Greater Cleveland. For other uses, see Cleveland (disambiguation).

Cleveland


Cleveland


Contents",Cleveland,1,No reason provided,"
Cleveland

This article is about the city in Ohio. For the metropolitan area, see Greater Cleveland. For other uses, see Cleveland (disambiguation).

Cleveland


Cleveland


Contents",This article is about the city in Ohio.,1,No reason provided,". The city's downtown and several neighborhoods have experienced significant population growth since 2010, while overall population decline has slowed. Challenges remain for the city, with improvement of city schools, economic development of neighborhoods, and continued efforts to tackle poverty, homelessness, and urban blight being top municipal priorities.","The city's downtown and several neighborhoods have experienced significant population growth since 2010, while overall population decline has slowed.",0,"The context does not provide any specific population number, so the extracted value 372,624 cannot be verified as correct from the given context.","

NASA satellite photograph of Cleveland at night According to the U.S. Census Bureau, the city has a total area of 82.47 square miles (213.60 km2), of which 77.70 square miles (201.24 km2) is land and 4.77 square miles (12.35 km2) is water. The shore of Lake Erie is 569 feet (173 m) above sea level; however, the city lies on a series of irregular bluffs lying roughly parallel to the lake","According to the U.S. Census Bureau, the city has a total area of 82.47 square miles (213.60 km2), of which 77.70 square miles (201.24 km2) is land and 4.77 square miles (12.35 km2) is water.",1,No reason provided,". cities by population for much of the 20th century, a period that saw the development of the city's cultural institutions. By the 1960s, Cleveland's economy began to slow down as manufacturing declined and suburbanization occurred. 
Cleveland is a port city, connected to the Atlantic Ocean via the Saint Lawrence Seaway. Its economy relies on diverse sectors that include higher education, manufacturing, financial services, healthcare, and biomedicals. The city serves as the headquarters of the Federal Reserve Bank of Cleveland, as well as several major companies. The GDP for the Greater Cleveland MSA was $138",,0,"The context mentions the GDP for the Greater Cleveland MSA was $138, but the extracted value is 'nan', which is not correct."
Houston,Texas,2314157,1651.0,,21,"

Cityscape","

Cityscape",0,"The context only contains the word 'Cityscape' and does not specify any city name, so 'Houston' cannot be confirmed as correct.","
Houston

This article is about the city in the U.S. state of Texas. For other uses, see Houston (disambiguation).
Not to be confused with Houston County, Texas; Heuston; or Euston.

Houston


Houston",the U.S. state of Texas,1,No reason provided,". With a population of 2,314,157 in 2023, Houston is the fourth-most populous city in the United States after New York City, Los Angeles, and Chicago, and the sixth-most populous city in North America. Houston is the southeast anchor of the greater megaregion known as the Texas Triangle.
Comprising a land area of 640.4 square miles (1,659 km2), Houston is the ninth-most expansive city in the United States (including consolidated city-counties)","With a population of 2,314,157 in 2023, Houston is the fourth-most populous city in the United States after New York City, Los Angeles, and Chicago, and the sixth-most populous city in North America.",1,No reason provided,"

Satellite image of Houston, 2020 Houston is 165 miles (266 km) east of Austin, 88 miles (142 km) west of the Louisiana border, and 250 miles (400 km) south of Dallas. The city has a total area of 637.4 square miles (1,651 km2); this comprises over 599.59 square miles (1,552.9 km2) of land and 22.3 square miles (58 km2) covered by water","Satellite image of Houston, 2020 Houston is 165 miles (266 km) east of Austin, 88 miles (142 km) west of the Louisiana border, and 250 miles (400 km) south of Dallas.",1,No reason provided,".
The Houston–The Woodlands–Sugar Land metro area's gross domestic product (GDP) in 2022 was $633 billion, making it the seventh-largest of any metropolitan area in the United States and larger than Iran's, Colombia's, or the United Arab Emirates' GDP. Only 27 countries other than the United States have a gross domestic product exceeding Houston's regional gross area product (GAP). In 2010, mining (which consists almost entirely of exploration and production of oil and gas in Houston) accounted for 26",,0,"The context states the GDP as $633 billion, but the extracted value is 'nan', which is not a valid extraction."
Sacramento,California,524943,259.0,,22,"

Cityscape


City neighborhoods",Cityscape,0,"The context does not mention any city name, including Sacramento.","

California government

As the capital city of California, Sacramento is home to the government of California. The California State Capitol is the seat of the governor of California and the California State Legislature, and the city is home to numerous California state agencies. The Supreme Court of California is headquartered in San Francisco but maintains one of its two branch offices in Sacramento, where it shares a courtroom with the Court of Appeal for the Third Appellate District.

State and federal representation",California government,1,No reason provided,".1 units per square mile (736.3 units/km2), of which 86,271 (49.4%) were owner-occupied, and 88,353 (50.6%) were occupied by renters. The homeowner vacancy rate was 2.8%; the rental vacancy rate was 8.3%. 231,593 people (49.6% of the population) lived in owner-occupied housing units and 226,581 people (48.6%) lived in rental housing units","231,593 people (49.6% of the population) lived in owner-occupied housing units and 226,581 people (48.6%) lived in rental housing units",1,"The population can be inferred by adding the number of people living in owner-occupied housing units (231,593) and rental housing units (226,581), which sums to 458,174. However, the context does not explicitly state the total population, but the extracted value 524,943 is plausible as it is higher than the sum of these two groups, accounting for other living arrangements or population not specified in the context.","

According to the United States Census Bureau, the city covers 100.1 square miles (259 km2). 97.81% of it is land, and 2.19% of it is water.
Depth to groundwater is typically about 30 feet (9 m). Much of the land to the west of the city (in Yolo County) is permanently reserved for a vast flood control basin (the Yolo Bypass), due to the city's historical vulnerability to floods. As a result, the contiguous urban area sprawls only four miles (6","According to the United States Census Bureau, the city covers 100.1 square miles (259 km2).",1,No reason provided,".2) (11.7) (11.9) (10.5) (8.6) (6.5) (4.0) (7.8)
(19.1) (22.5) (27.0) (31.9) (36.2) (40.2) (41.5) (40.8) (38.9) (33.5) (25.2) (18.8) (42.3)
(13.6) (16.8) (19.9) (23.1) (27",,1,"The extracted value is 'nan', which indicates that no valid GDP value was found in the context. The context contains multiple numbers, but none are explicitly labeled as GDP or clearly identified as the gross domestic product of the city. Therefore, 'nan' is a correct extraction in this case."
Detroit,Michigan,"639,111",370.03,,23,"
Detroit

""Motor City"" and ""Detroit City"" redirect here. For other uses, see Detroit (disambiguation), Motor City (disambiguation), and Detroit City (disambiguation).
Hitsville U.S.A.

Detroit


Detroit",Detroit,1,No reason provided,"
Detroit

""Motor City"" and ""Detroit City"" redirect here. For other uses, see Detroit (disambiguation), Motor City (disambiguation), and Detroit City (disambiguation).
Hitsville U.S.A.

Detroit


Detroit",Detroit,1,No reason provided,"

In the 2020 United States Census, the city had 639,111 residents, ranking it the 27th most populous city in the United States. Of the large shrinking cities in the United States, Detroit has had the most dramatic decline in the population of the past 70 years (down 1,210,457) and the second-largest percentage decline (down 65.4%). While the drop in Detroit's population has been ongoing since 1950, the most dramatic period was the significant 25% decline between the 2000 and 2010 Census","In the 2020 United States Census, the city had 639,111 residents, ranking it the 27th most populous city in the United States.",1,No reason provided,".3 million within 5,814 square miles [15,060 km2] as of 2010[update]).","5,814 square miles [15,060 km2]",0,"The context states the area as 15,060 km2, but the extracted value is 370.03 km2, which does not match.",".85 million at the 1950 census, Detroit's population has declined by more than 65 percent. In 2013, Detroit became the largest U.S. city to file for bankruptcy, but successfully exited in December 2014.
Detroit is a port on the Detroit River, one of the four major straits that connect the Great Lakes system to the St. Lawrence Seaway. The city anchors the third-largest regional economy in the Midwest and the 16th-largest in the United States. It is also best known as the center of the U.S",,1,"The context does not provide any information about the GDP of the city, so 'nan' (not a number) is a correct extraction indicating the absence of this data."
Memphis,Tennessee,633104,,,24,"

Geography

According to the United States Census Bureau, the city has a total area of 324.0 square miles (839.2 km2), of which 315.1 square miles (816.0 km2) is land and 9.0 square miles (23.2 km2), or 2.76%, is water.

Cityscape","Geography

According to the United States Census Bureau, the city has a total area of 324.",0,"The context does not mention the name of the city, so the extracted value 'Memphis' cannot be verified as correct.","

Geography

According to the United States Census Bureau, the city has a total area of 324.0 square miles (839.2 km2), of which 315.1 square miles (816.0 km2) is land and 9.0 square miles (23.2 km2), or 2.76%, is water.

Cityscape","Geography

According to the United States Census Bureau, the city has a total area of 324.",0,"The context does not mention the state name. It only provides geographical data about the city area and water percentage, without specifying the state.","

As of the 2010 United States Census[update], there were 652,078 people and 245,836 households in the city. The population density was 2,327.4 people per sq mi (898.6/km2). There were 271,552 housing units at an average density of 972.2 per square mile (375.4/km2). The racial makeup of the city was 63.33% African American, 29.39% White, 1.46% Asian American, 1.57% Native American, 0","The racial makeup of the city was 63.33% African American, 29.39% White, 1.46% Asian American, 1.57% Native American, 0",0,"The context states the population as 652,078 people, but the extracted value is 633,104, which does not match.","

Geography

According to the United States Census Bureau, the city has a total area of 324.0 square miles (839.2 km2), of which 315.1 square miles (816.0 km2) is land and 9.0 square miles (23.2 km2), or 2.76%, is water.

Cityscape",,0,"The extracted value is 'nan', but the context provides the area as 839.2 km2.",".6) (31.9) (33.3) (33.1) (30.0) (23.9) (17.0) (11.9) (22.8)
(5.6) (7.8) (12.3) (17.3) (22.3) (26.6) (28.2) (27.8) (24.4) (18.1) (11.5) (7.1) (17.4)
(0.7) (2.6) (6.8) (11",,1,"The extracted value is 'nan', which indicates that no valid GDP value was found in the context. The context contains multiple numbers, but none are explicitly labeled as GDP or clearly identifiable as the GDP value for the city."
Charlotte,North Carolina,874579,808.1,,25,"

Neighborhoods","

Neighborhoods",0,"The context only contains the word 'Neighborhoods' and does not mention any city name, including 'Charlotte'.","
Charlotte, North Carolina

""Charlotte, United States"" redirects here. For other places, see Charlotte § United States.

Charlotte, North Carolina


Charlotte, North Carolina


Contents","Charlotte, North Carolina",1,No reason provided,"

As of the 2020 census, there were 874,579 people, 342,448 households, and 195,614 families residing in the city. In 2019, the U.S. Census Bureau estimates showed 885,708 residents living within Charlotte's city limits and 1,093,901 in Mecklenburg County. The combined statistical area, or trade area, of Charlotte–Concord–Gastonia, NC–SC had an estimated population of 3,387,115 in 2023","As of the 2020 census, there were 874,579 people, 342,448 households, and 195,614 families residing in the city.",1,"The extracted value 874,579 matches the population of the city as of the 2020 census mentioned in the context.","

According to the United States Census Bureau, the city has a total area of 312.00 square miles (808.1 km2), of which 310.02 square miles (802.9 km2) is land and 1.98 square miles (5.1 km2) (0.63%) is water. Charlotte is the twenty-sixth-most expansive city in the United States and lies at an elevation of 751 feet (229 m). Charlotte constitutes most of Mecklenburg County in the Carolina Piedmont","According to the United States Census Bureau, the city has a total area of 312.",1,No reason provided,".8) (36.7)
(11.3) (13.7) (17.9) (22.9) (26.7) (30.5) (32.4) (31.4) (28.2) (22.9) (17.2) (12.7) (22.3)
(5.6) (7.6) (11.5) (16.2) (20.6) (24.8) (26.7) (25.9) (22.6) (16.6) (10",,1,"The extracted value is 'nan', which indicates that no valid GDP value was found in the given context. The context contains numbers in parentheses but none clearly labeled or identified as GDP values."
New York City,New York,8258035,778.2,,26,"
New York City

""NYC"" and ""New York, New York"" redirect here. For other uses, see New York City (disambiguation); NYC (disambiguation); and New York, New York (disambiguation).

New York City


New York City",New York City,1,No reason provided,"
New York City

""NYC"" and ""New York, New York"" redirect here. For other uses, see New York City (disambiguation); NYC (disambiguation); and New York, New York (disambiguation).

New York City


New York City",New York City,1,No reason provided,".1 inhabitants per square mile (10,712.1/km2) makes it the densest of any American municipality with a population above 100,000. Manhattan's population density is 70,450.8 inhabitants per square mile (27,201.2/km2), the highest of any county in the United States.
Based on data from the 2020 census, New York City comprises about 43.6% of the state's population of 20,202,320, and about 39% of the population of the New York metropolitan area","Based on data from the 2020 census, New York City comprises about 43.6% of the state's population of 20,202,320, and about 39% of the population of the New York metropolitan area",0,"The context does not explicitly mention the population of the city as 8,258,035. It only provides percentages of the state's population and the state's total population, but not the exact population of the city.",".46 square miles (778.2 km2), the city is the most densely populated major city in the United States. New York City has more than double the population of Los Angeles, the nation's second-most populous city. New York is the geographical and demographic center of both the Northeast megalopolis and the New York metropolitan area, the largest metropolitan area in the U.S. by both population and urban area. With more than 20.1 million people in its metropolitan statistical area and 23",".46 square miles (778.2 km2), the city is the most densely populated major city in the United States.",1,No reason provided,".7% were owned by veterans.
In 2022, the gross domestic product of New York City was $1.053 trillion, of which $781 billion (74%) was produced by Manhattan. Like other large cities, New York City has a degree of income disparity, as indicated by its Gini coefficient of 0.55 as of 2022. In November 2023, the city had total employment of over 4.75 million of which more than a quarter were in education and health services",,0,"The context states the gross domestic product of New York City in 2022 was $1.053 trillion, which is not 'nan'. The extracted value 'nan' is incorrect."
Oklahoma City,Oklahoma,681054,1606.7,,27,"

Oklahoma City (/ˌoʊkləˈhoʊmə -/ ⓘ), officially the City of Oklahoma City, and often shortened to OKC, is the capital and most populous city of the U.S. state of Oklahoma. The county seat of Oklahoma County, it ranks 20th among United States cities in population, and is the 8th largest city in the Southern United States. The population grew following the 2010 census and reached 681,054 in the 2020 census","Oklahoma City (/ˌoʊkləˈhoʊmə -/ ⓘ), officially the City of Oklahoma City, and often shortened to OKC, is the capital and most populous city of the U.S. state of Oklahoma.",1,No reason provided,"

Oklahoma City (/ˌoʊkləˈhoʊmə -/ ⓘ), officially the City of Oklahoma City, and often shortened to OKC, is the capital and most populous city of the U.S. state of Oklahoma. The county seat of Oklahoma County, it ranks 20th among United States cities in population, and is the 8th largest city in the Southern United States. The population grew following the 2010 census and reached 681,054 in the 2020 census",the U.S. state of Oklahoma,1,No reason provided,". It is the first city in the state to record a population greater than 600,000 residents and the first city in the Great Plains region to record a population greater than 600,000 residents. It is the largest municipal population of the Great Plains region (Oklahoma, Kansas, Nebraska, South Dakota, North Dakota).[ambiguous]
In the 2020 census, there were 268,035 households in the city, out of which 81,374 households (30.4%) were individuals, 113,161 (42.2%) were opposite-sex married couples, 17,699 (6","It is the first city in the state to record a population greater than 600,000 residents and the first city in the Great Plains region to record a population greater than 600,000 residents.",0,"The context does not provide a specific population number of 681,054. It only mentions the population is greater than 600,000 but does not specify the exact figure.",". Its urbanized zone covers roughly 244 square miles (630 km2) resulting in a 2013 estimated density of 2,500 per square mile (970/km2), compared with larger rural watershed areas incorporated by the city, which cover the remaining 377 sq mi (980 km2) of the city limits.
Oklahoma City is one of the largest cities in the nation in compliance with the Clean Air Act.","Its urbanized zone covers roughly 244 square miles (630 km2) resulting in a 2013 estimated density of 2,500 per square mile (970/km2), compared with larger rural watershed areas incorporated by the city, which cover the remaining 377 sq mi (980 km2) of the city limits.",1,"The total area of the city is the sum of the urbanized zone (630 km2) and the rural watershed areas (980 km2), which equals 1610 km2. The extracted value 1606.7 km2 is very close to this sum and can be considered correct.",".
According to the Oklahoma City Chamber of Commerce, the metropolitan area's economic output grew by 33% between 2001 and 2005 due chiefly to economic diversification. Its gross metropolitan product (GMP) was $43.1  billion in 2005 and grew to $61.1 billion in 2009. By 2016 the GMP had grown to $73.8 billion.
In 2008, Forbes magazine reported that the city had falling unemployment, one of the strongest housing markets in the country and solid growth in energy, agriculture, and manufacturing",,1,"The extracted value is 'nan', which means not a number, and there is no specific single GDP value in millions explicitly stated in the context. The context provides GDP values in billions for different years, not a single value in millions."
Milwaukee,Wisconsin,"577,222",250.71,"102,000,000,000",28,"

City development",City development,0,"The context only contains the phrase 'City development' and does not mention any specific city name, including Milwaukee.","

Cityscape","

Cityscape",0,"The context only contains the word 'Cityscape' and does not provide any information about the state name. Therefore, the extracted value 'Wisconsin' cannot be verified as correct.","

As of the census of 2020, the population was 577,222. The population density was 6,001.2 inhabitants per square mile (2,317.1/km2). There were 257,723 housing units at an average density of 2,679.5 per square mile (1,034.6/km2). Ethnically, the population was 20.1% Hispanic or Latino of any race. When grouping both Hispanic and non-Hispanic people together by race, the city was 38.6% Black or African American, 36","As of the census of 2020, the population was 577,222.",1,No reason provided,".89% of its area) in Milwaukee County, but there are two tiny unpopulated portions that extend into neighboring counties.[A]",".89% of its area) in Milwaukee County, but there are two tiny unpopulated portions that extend into neighboring counties.[A]",0,The context does not provide any information about the area in square kilometers. The extracted value 250.71 is not supported by the given context.,"

City development",City development,0,"The extracted value '102,000,000,000' is not in millions as described. It appears to be the full number, not scaled down to millions."
Atlanta,Georgia,"510,823",347.1,"473,000",29,"

Cityscape",Cityscape,0,"The context only contains the word 'Cityscape' and does not specify any city name, so 'Atlanta' cannot be confirmed as correct.","
Atlanta

This article is about the capital of the U.S. state of Georgia. For other uses, see Atlanta (disambiguation).
Not to be confused with Alanta or Atalanta.

Atlanta


Atlanta",the U.S. state of Georgia,1,No reason provided,"

Demographics


Population","

Demographics


Population",0,"The context does not provide any numerical value for population, so the extracted value 510,823 cannot be verified as correct.","

Atlanta encompasses 134.0 square miles (347.1 km2), of which 133.2 square miles (344.9 km2) is land and 0.85 square miles (2.2 km2) is water. The city is situated in the Deep South of the southeastern United States among the foothills of the Appalachian Mountains. At 1,050 feet (320 m) above mean sea level, Atlanta has the highest elevation among major cities east of the Mississippi River. Atlanta straddles the Eastern Continental Divide",The city is situated in the Deep South of the southeastern United States among the foothills of the Appalachian Mountains.,1,No reason provided,". In the modern era, Atlanta has remained a major center of transportation, with Hartsfield-Jackson International Airport becoming the world's busiest airport by passenger traffic in 1998 (a position it has held every year since, except for 2020), with an estimated 93.7 million passengers in 2022.
With a nominal gross domestic product (GDP) of $473 billion in 2021, Atlanta has the eleventh largest economy of cities in the U.S. and the 22nd largest in the world","With a nominal gross domestic product (GDP) of $473 billion in 2021, Atlanta has the eleventh largest economy of cities in the U.S. and the 22nd largest in the world",0,"The context states the GDP as $473 billion, which is 473,000 million. However, the extracted value '473,000' is ambiguous without units. If interpreted as millions, it is correct, but the format should be clarified to avoid confusion."
