name,age,nationality,nba_team,own_year,id,name_evidence,name_tag,name_reason,age_evidence,age_tag,age_reason,nationality_evidence,nationality_tag,nationality_reason,nba_team_evidence,nba_team_tag,nba_team_reason,own_year_evidence,own_year_tag,own_year_reason
Tom Gores  ,60,American  ,Detroit Pistons  ,2011.0,1,"
Tom Gores

Tom Gores (born Tewfiq Georgious, Arabic: توفيق جورجيوس; July 31, 1964) is an American billionaire businessman. He is the founder of Platinum Equity, a private equity firm headquartered in Beverly Hills, California. In June 2011, Gores and Platinum Equity became the owners of the National Basketball Association's Detroit Pistons. He became the sole owner in 2015. As of July 2024, his net worth was estimated at $9.1 billion.

Early life and education",1,No reason provided,"
Tom Gores

Tom Gores (born Tewfiq Georgious, Arabic: توفيق جورجيوس; July 31, 1964) is an American billionaire businessman. He is the founder of Platinum Equity, a private equity firm headquartered in Beverly Hills, California. In June 2011, Gores and Platinum Equity became the owners of the National Basketball Association's Detroit Pistons. He became the sole owner in 2015. As of July 2024, his net worth was estimated at $9.1 billion.

Early life and education",1,"The context states Tom Gores was born on July 31, 1964. As of July 2024, he would be 60 years old, so the extracted age value of 60 is correct.","
Tom Gores

Tom Gores (born Tewfiq Georgious, Arabic: توفيق جورجيوس; July 31, 1964) is an American billionaire businessman. He is the founder of Platinum Equity, a private equity firm headquartered in Beverly Hills, California. In June 2011, Gores and Platinum Equity became the owners of the National Basketball Association's Detroit Pistons. He became the sole owner in 2015. As of July 2024, his net worth was estimated at $9.1 billion.

Early life and education",1,No reason provided,"

Acquisition of the Detroit Pistons",1,No reason provided,".
On June 1, 2011, Gores and Platinum Equity bought Palace Sports and Entertainment (PS&E) (the parent company of the Pistons and their former arena, The Palace of Auburn Hills) becoming the third owner in the franchise's 70-year history. The purchase price of $325 million was referred to as a ""shocking bargain"" by Crain's Detroit Business, although, in January 2011, Forbes had valued it at only $35 million more than eventual purchase price. Early in his tenure as owner, Gores approved $10-million worth of renovations to the Palace of Auburn Hills",1,"The context states that Gores and Platinum Equity bought the team on June 1, 2011, which matches the extracted value of 2011."
Daniel Gilbert,62,American,Cleveland Cavaliers,,2,"

Sports franchise ownership",0,"The context provided does not contain any specific information about the team owner name, so the extracted value 'Daniel Gilbert' cannot be verified as correct from the given context.","

Sports franchise ownership",0,The context does not provide any information about the age of the team owner.,"

Sports franchise ownership",0,The context 'Sports franchise ownership' does not provide any information about the nationality of the team owner.,"

Sports franchise ownership",0,"The context provided is only 'Sports franchise ownership' which does not specify any NBA team name. Therefore, the extracted value 'Cleveland Cavaliers' cannot be verified as correct from the given context.","

Sports franchise ownership",1,"The context does not provide any specific year for ownership, so 'nan' (not a number) is a correct representation of missing or unavailable data."
Steven Anthony Ballmer,68,American,Los Angeles Clippers,,3,".
On September 25, 2014, Ballmer said he would bar the team from using Apple products such as iPads, and replace them with Microsoft products. It has been reported that he had previously also barred his family from using iPhones.
In March 2020, Ballmer agreed to buy The Forum in Inglewood, California. The purchase would allow him to build the Intuit Dome in the nearby area since plans for a new Clippers' arena were opposed by the former owners of The Forum.
In a survey conducted by The Athletic in December 2020, Ballmer was voted the best owner in basketball.",1,No reason provided,"

(1956-03-24) March 24, 1956 (age 68) Detroit, Michigan, U.S.
Co-founder of Ballmer Group Owner of the Los Angeles Clippers Connie Snyder  ​ (m. 1990)​
Steven Anthony Ballmer (/ˈbɔːlmər/; March 24, 1956) is an American businessman and investor who was the chief executive officer of Microsoft from 2000 to 2014. He is the owner of the Los Angeles Clippers of the National Basketball Association (NBA)",1,No reason provided,"

On March 6, 2008, Seattle mayor Greg Nickels announced that a local ownership group involving Ballmer made a ""game-changing"" commitment to invest $150 million in cash toward a proposed $300 million renovation of KeyArena and were ready to purchase the Seattle SuperSonics from the Professional Basketball Club LLC in order to keep the team in Seattle. However, this initiative failed, and the SuperSonics relocated to Oklahoma City, Oklahoma, where they now play as the Oklahoma City Thunder.
In June 2012, Ballmer was an investor in Chris R",1,"The context mentions Seattle mayor Greg Nickels and the Seattle SuperSonics, which are based in the United States, implying the team owner Ballmer is American.",".
On September 25, 2014, Ballmer said he would bar the team from using Apple products such as iPads, and replace them with Microsoft products. It has been reported that he had previously also barred his family from using iPhones.
In March 2020, Ballmer agreed to buy The Forum in Inglewood, California. The purchase would allow him to build the Intuit Dome in the nearby area since plans for a new Clippers' arena were opposed by the former owners of The Forum.
In a survey conducted by The Athletic in December 2020, Ballmer was voted the best owner in basketball.",1,No reason provided,".
On September 25, 2014, Ballmer said he would bar the team from using Apple products such as iPads, and replace them with Microsoft products. It has been reported that he had previously also barred his family from using iPhones.
In March 2020, Ballmer agreed to buy The Forum in Inglewood, California. The purchase would allow him to build the Intuit Dome in the nearby area since plans for a new Clippers' arena were opposed by the former owners of The Forum.
In a survey conducted by The Athletic in December 2020, Ballmer was voted the best owner in basketball.",1,"The context does not provide any information about the year the owner acquired the NBA team, so 'nan' (not a number) is a correct extraction indicating missing data."
Daniel G. DeVos,66,American,Orlando Magic,1991.0,4,"

DeVos is chairman of the Orlando Magic of the National Basketball Association (NBA), a position he's held since 2011 and chairman of the Orlando Magic Youth Foundation.  Addressing reporters at the team's 2018 media day, DeVos spoke about the strong support from the Orlando community for the team since the DeVos family purchased it in 1991.  DeVos: ""We're just fortunate that Orlando's been a great place to have a team, with the community support here from the fans and from the sponsorship side.  It's outstanding",1,The context mentions DeVos as the chairman of the Orlando Magic and refers to the DeVos family purchasing the team. The extracted name 'Daniel G. DeVos' matches the known full name of the team owner.,".  They've been with us through our ups-and-downs, and we've always appreciated that about Orlando.""
He is the majority owner, president, and CEO of the Grand Rapids Griffins of the American Hockey League (AHL).  The team won the league championship, the Calder Cup, in 2013 and 2017.  After the series clinching game on the team's home ice at Van Andel Arena in 2017, DeVos spoke with the Grand Rapids Press, saying, ""What a great way to finish it. In front of a packed house celebrating a title after a great game",0,The context does not provide any information about the age of the team owner.,"

DeVos is chairman of the Orlando Magic of the National Basketball Association (NBA), a position he's held since 2011 and chairman of the Orlando Magic Youth Foundation.  Addressing reporters at the team's 2018 media day, DeVos spoke about the strong support from the Orlando community for the team since the DeVos family purchased it in 1991.  DeVos: ""We're just fortunate that Orlando's been a great place to have a team, with the community support here from the fans and from the sponsorship side.  It's outstanding",0,"The context does not provide any information about the nationality of DeVos, the team owner.","

DeVos is chairman of the Orlando Magic of the National Basketball Association (NBA), a position he's held since 2011 and chairman of the Orlando Magic Youth Foundation.  Addressing reporters at the team's 2018 media day, DeVos spoke about the strong support from the Orlando community for the team since the DeVos family purchased it in 1991.  DeVos: ""We're just fortunate that Orlando's been a great place to have a team, with the community support here from the fans and from the sponsorship side.  It's outstanding",1,No reason provided,"

DeVos is chairman of the Orlando Magic of the National Basketball Association (NBA), a position he's held since 2011 and chairman of the Orlando Magic Youth Foundation.  Addressing reporters at the team's 2018 media day, DeVos spoke about the strong support from the Orlando community for the team since the DeVos family purchased it in 1991.  DeVos: ""We're just fortunate that Orlando's been a great place to have a team, with the community support here from the fans and from the sponsorship side.  It's outstanding",1,No reason provided
Mark Cuban,65,American,Dallas Mavericks,2000.0,5,". He is also a partner in Synergy Sports Technology, a web-based basketball scouting and video delivery tool used by many NBA teams.",0,"The context does not mention the name of the team owner. It only mentions a partner in Synergy Sports Technology, not the team owner.",". The Mavericks' playoff record with Cuban is 49–57, including their first trip to the NBA Finals in 2006, where they lost to the Miami Heat.
NBA team owners historically play more passive roles and watch basketball games from skyboxes; Cuban, however, sits alongside fans while donning team jerseys. Cuban travels in his private airplane—a Gulfstream V—to attend road games.
In May 2010, H. Ross Perot Jr., who retained 5% ownership, filed a lawsuit against Cuban, alleging the franchise was insolvent or in imminent danger of insolvency",0,The context does not provide any information about the age of the team owner.,".
In February 2016, Cuban purchased a principal ownership stake in the Professional Futsal League.",1,"Mark Cuban is known to be American, and the context mentions Cuban purchasing ownership, implying the owner is American.","

Legal issues


NBA fines",0,"The context does not mention any NBA team name, including Dallas Mavericks.","

Cuban as owner of the Dallas Mavericks in 2008 On January 4, 2000, Cuban purchased a majority stake in the NBA's Dallas Mavericks for $285 million from H. Ross Perot Jr.
In the 20 years before Cuban bought the team, the Mavericks won only 40% of their games and had a playoff record of 21–32. In the 10 years following, the team won 69% of their regular season games and reached the playoffs in each of those seasons except for one",1,"The context states that Cuban purchased a majority stake in the Dallas Mavericks on January 4, 2000, which matches the extracted value 2000.0."
Tilman Joseph Fertitta,66,American,Houston Rockets,2017.0,6,"

On September 4, 2017, he agreed to purchase the Rockets from Leslie Alexander, pending league approval, for an NBA record $2.2 billion. On October 6, 2017, Fertitta was approved by the NBA to own the Houston Rockets. Fertitta paid for the Rockets by selling $1.415 billion worth of bonds and was competing with Houston-native singer Beyonce Knowles to purchase the team. By buying the Houston Rockets he also became the owner of Clutch Gaming, a professional eSports organization focused on League of Legends.

NHL",1,No reason provided,"

1957 (age 66–67) Galveston, Texas, U.S.
Tilman Joseph Fertitta (born 1957) is an American billionaire businessman and television personality.  He is the chairman, CEO, and owner of Landry's, Inc. He also owns the National Basketball Association (NBA)'s Houston Rockets. Fertitta is chairman of the board of regents of the University of Houston System.
As of June 2023, his net worth was estimated at $8.4 billion. He was placed at No. 260 on the Forbes Billionaires List",1,"The context states '1957 (age 66–67)', indicating the age is between 66 and 67, so 66 is a correct extracted value.","

On September 4, 2017, he agreed to purchase the Rockets from Leslie Alexander, pending league approval, for an NBA record $2.2 billion. On October 6, 2017, Fertitta was approved by the NBA to own the Houston Rockets. Fertitta paid for the Rockets by selling $1.415 billion worth of bonds and was competing with Houston-native singer Beyonce Knowles to purchase the team. By buying the Houston Rockets he also became the owner of Clutch Gaming, a professional eSports organization focused on League of Legends.

NHL",0,The context does not explicitly mention the nationality of the team owner.,"

On September 4, 2017, he agreed to purchase the Rockets from Leslie Alexander, pending league approval, for an NBA record $2.2 billion. On October 6, 2017, Fertitta was approved by the NBA to own the Houston Rockets. Fertitta paid for the Rockets by selling $1.415 billion worth of bonds and was competing with Houston-native singer Beyonce Knowles to purchase the team. By buying the Houston Rockets he also became the owner of Clutch Gaming, a professional eSports organization focused on League of Legends.

NHL",1,No reason provided,"

On September 4, 2017, he agreed to purchase the Rockets from Leslie Alexander, pending league approval, for an NBA record $2.2 billion. On October 6, 2017, Fertitta was approved by the NBA to own the Houston Rockets. Fertitta paid for the Rockets by selling $1.415 billion worth of bonds and was competing with Houston-native singer Beyonce Knowles to purchase the team. By buying the Houston Rockets he also became the owner of Clutch Gaming, a professional eSports organization focused on League of Legends.

NHL",1,"The context states that on September 4, 2017, he agreed to purchase the Rockets and was approved by the NBA on October 6, 2017, to own the Houston Rockets. Therefore, the year 2017 is correct as the year he became the owner."
Joseph Chung-Hsin Tsai,59,Taiwanese-Canadian,Brooklyn Nets,2019.0,7,"

Sports ownership",0,"The context provided ('Sports ownership') does not contain any information about the team owner's name, so the extracted value 'Joseph Chung-Hsin Tsai' cannot be verified as correct.","

Sports ownership",0,The context provided ('Sports ownership') does not contain any information about the age of the team owner.,"

Sports ownership",0,"The context provided ('Sports ownership') does not contain any information about the nationality of the team owner, so the extracted value 'Taiwanese-Canadian' cannot be verified as correct.","

Sports ownership",0,"The context provided is only 'Sports ownership' and does not mention any NBA team, including the Brooklyn Nets.","

Sports ownership",0,"The context provided ('\n\nSports ownership') does not contain any information about the year the owner had the NBA team, so the extracted value 2019.0 cannot be verified as correct."
Clay Bennett,64,American,Oklahoma City Thunder,2006.0,8,"

Bennett was one of the owners of the San Antonio Spurs in the mid-1990s, where one of his primary duties was to represent the team on the NBA Board of Governors.  Immediately before the 2005–06 NBA season, Bennett, along with Aubrey McClendon of Oklahoma City-based Chesapeake Energy Corporation, Tom L. Ward of Oklahoma City-based SandRidge Energy Corporation, and G. Jeffrey Records Jr. of Oklahoma City-based MidFirst Bank, partnered with the city of Oklahoma City and the state of Oklahoma in providing a revenue guarantee for the NBA's New Orleans Hornets",1,No reason provided,"

(1959-11-14)November 14, 1959 Oklahoma City, Oklahoma, U.S.
Clayton Ike Bennett (born 1959) is an American businessman and chairman of the Professional Basketball Club LLC, the ownership group of the Oklahoma City Thunder, an NBA franchise formerly known as the Seattle SuperSonics. Bennett is the chairman of Oklahoma City-based Dorchester Capital Corporation, as well as the chairman emeritus of the board of directors of the Oklahoma Heritage Association and served as chairman of the Board of Regents of the University of Oklahoma from 2011–2019.

Early business career",1,"The context states Clayton Ike Bennett was born in 1959. Given the current year is 2023, his age would be 64, which matches the extracted value.","

Bennett was one of the owners of the San Antonio Spurs in the mid-1990s, where one of his primary duties was to represent the team on the NBA Board of Governors.  Immediately before the 2005–06 NBA season, Bennett, along with Aubrey McClendon of Oklahoma City-based Chesapeake Energy Corporation, Tom L. Ward of Oklahoma City-based SandRidge Energy Corporation, and G. Jeffrey Records Jr. of Oklahoma City-based MidFirst Bank, partnered with the city of Oklahoma City and the state of Oklahoma in providing a revenue guarantee for the NBA's New Orleans Hornets",1,No reason provided,"

Bennett was one of the owners of the San Antonio Spurs in the mid-1990s, where one of his primary duties was to represent the team on the NBA Board of Governors.  Immediately before the 2005–06 NBA season, Bennett, along with Aubrey McClendon of Oklahoma City-based Chesapeake Energy Corporation, Tom L. Ward of Oklahoma City-based SandRidge Energy Corporation, and G. Jeffrey Records Jr. of Oklahoma City-based MidFirst Bank, partnered with the city of Oklahoma City and the state of Oklahoma in providing a revenue guarantee for the NBA's New Orleans Hornets",0,"The context states Bennett was one of the owners of the San Antonio Spurs in the mid-1990s, not the Oklahoma City Thunder.",". On April 18, 2008, NBA owners gave approval for moving the franchise from Seattle for the 2008–2009 season pending the outcome of the city's case to uphold the lease and the former ownership group's lawsuit to rescind the purchase. On July 2, 2008, Bennett's ownership group reached a settlement agreement in the lawsuit filed by the city of Seattle, thus allowing the franchise to move from Seattle to Oklahoma City.
On April 15, 2011, Bennett was named chairman of the NBA's relocation committee",0,The context does not mention the year 2006 as the year the owner had the NBA team. It only mentions events from 2008 and 2011 related to ownership and relocation.
Herbert Simon,89,American,Indiana Pacers,1983.0,9,"

In 1983, Simon and his brother, Mel (1927–2009), purchased the NBA's Indiana Pacers from Sam Nassi and Frank Mariani. He and nephew David (Mel's son) are also the owners of the WNBA's Indiana Fever, and formerly owned the USL's now defunct Reno 1868 FC.
On April 6, 2024, the Naismith Memorial Basketball Hall of Fame announced that Simon would be inducted into the Hall later that year as a contributor.

References


External links


Indiana Pacers


Contents

",1,"The context mentions Simon and his brother Mel as the purchasers of the Indiana Pacers, and the extracted name 'Herbert Simon' is consistent with the known full name of the team owner Simon.","
Herb Simon (businessman)

For the American political scientist, see Herbert A. Simon.
New York City, U.S.
Herbert Simon (born October 23, 1934) is an American real estate developer. He resides in Indianapolis, Indiana. He was educated at the City College of New York and is the owner of the Indiana Pacers and Indiana Fever, and chairman emeritus of the shopping mall developer Simon Property Group.  In 2010, he purchased Kirkus Reviews.
Forbes estimated his net worth to be around US$4.7 billion in early 2024.",0,"The context states Herbert Simon was born on October 23, 1934. As of early 2024, he would be 89 years old only after October 23, 2024. Since the current time is early 2024, he is still 89 only if the current date is after his birthday, otherwise he is 88. The extracted age 89 is plausible but not definitively correct without the exact current date.","

In 1983, Simon and his brother, Mel (1927–2009), purchased the NBA's Indiana Pacers from Sam Nassi and Frank Mariani. He and nephew David (Mel's son) are also the owners of the WNBA's Indiana Fever, and formerly owned the USL's now defunct Reno 1868 FC.
On April 6, 2024, the Naismith Memorial Basketball Hall of Fame announced that Simon would be inducted into the Hall later that year as a contributor.

References


External links


Indiana Pacers


Contents

",0,The context does not explicitly mention the nationality of Simon or the team owner.,"

In 1983, Simon and his brother, Mel (1927–2009), purchased the NBA's Indiana Pacers from Sam Nassi and Frank Mariani. He and nephew David (Mel's son) are also the owners of the WNBA's Indiana Fever, and formerly owned the USL's now defunct Reno 1868 FC.
On April 6, 2024, the Naismith Memorial Basketball Hall of Fame announced that Simon would be inducted into the Hall later that year as a contributor.

References


External links


Indiana Pacers


Contents

",1,No reason provided,"

In 1983, Simon and his brother, Mel (1927–2009), purchased the NBA's Indiana Pacers from Sam Nassi and Frank Mariani. He and nephew David (Mel's son) are also the owners of the WNBA's Indiana Fever, and formerly owned the USL's now defunct Reno 1868 FC.
On April 6, 2024, the Naismith Memorial Basketball Hall of Fame announced that Simon would be inducted into the Hall later that year as a contributor.

References


External links


Indiana Pacers


Contents

",1,"The context states that Simon and his brother purchased the NBA's Indiana Pacers in 1983, which matches the extracted value."
Jerry Michael Reinsdorf,88,American,Chicago Bulls,1985.0,10,"
Jerry Reinsdorf",0,"The context only provides 'Jerry Reinsdorf', but the extracted value is 'Jerry Michael Reinsdorf', which includes a middle name not present in the context.","

Sports ownership


New purchases",0,The context does not provide any information about the age of the team owner.,"

Sports ownership


New purchases",0,The context does not provide any information about the nationality of the team owner.,"

Sports ownership


New purchases",0,"The context provided does not mention any NBA team name, including Chicago Bulls.","

Sports ownership


New purchases",0,The context does not provide any information about the year the owner has owned the NBA team.
Gayle Marie LaJaunie Bird Benson,77,American,New Orleans Pelicans,2018.0,11,".
Benson and Allen (Portland Trail Blazers) are two of five female owners in the NBA, along with Jeanie Buss (Los Angeles Lakers), Miriam Adelson (Dallas Mavericks) and Ann Walton Kroenke (Denver Nuggets).
Tom Benson had planned on bequeathing the voting stock shares of the New Orleans Saints and New Orleans Pelicans to his daughter Renee Benson, grandson Ryan Benson LeBlanc, and granddaughter Rita Benson LeBlanc.
On December 27, 2014, Tom Benson wrote an e-mail to his daughter and two grandchildren stating he wanted ""no further contact with any of you",0,"The context does not mention the name 'Gayle Marie LaJaunie Bird Benson'. It only mentions Benson and Allen as female owners, and Tom Benson's family members, but does not specify Gayle Marie LaJaunie Bird Benson.","
Gayle Benson

For the British model, see Gale Benson.
(1947-01-26) January 26, 1947 (age 77) New Orleans, Louisiana, U.S.
Gayle Marie LaJaunie Bird Benson (born January 26, 1947) is an American businesswoman who is the owner of the New Orleans Saints of the National Football League (NFL) and the New Orleans Pelicans of the National Basketball Association (NBA). She became the principal owner of the Saints and Pelicans following the death of her husband, Tom Benson, in 2018.

Early life",1,No reason provided,"

Benson became the owner of both the Saints and Pelicans following the death of her husband Tom.
Benson is one of ten female NFL owners, including Sheila Ford Hamp (Detroit Lions), Kim Pegula (Buffalo Bills), Carol Davis (Oakland Raiders), Denise DeBartolo York (San Francisco 49ers), Amy Adams Strunk (Tennessee Titans), Virginia Halas McCaskey (Chicago Bears),  Janice McNair (Houston Texans), Jody Allen (Seattle Seahawks), and Dee Haslam (Cleveland Browns)",1,"The context mentions NFL team owners, which are American football teams, implying the owners are American.",".
Benson and Allen (Portland Trail Blazers) are two of five female owners in the NBA, along with Jeanie Buss (Los Angeles Lakers), Miriam Adelson (Dallas Mavericks) and Ann Walton Kroenke (Denver Nuggets).
Tom Benson had planned on bequeathing the voting stock shares of the New Orleans Saints and New Orleans Pelicans to his daughter Renee Benson, grandson Ryan Benson LeBlanc, and granddaughter Rita Benson LeBlanc.
On December 27, 2014, Tom Benson wrote an e-mail to his daughter and two grandchildren stating he wanted ""no further contact with any of you",0,"New Orleans Pelicans is not an NBA team owned by the female owners listed. It is mentioned as a team related to Tom Benson, but the context does not state that New Orleans Pelicans is an NBA team owned by a female owner.",".
Benson and Allen (Portland Trail Blazers) are two of five female owners in the NBA, along with Jeanie Buss (Los Angeles Lakers), Miriam Adelson (Dallas Mavericks) and Ann Walton Kroenke (Denver Nuggets).
Tom Benson had planned on bequeathing the voting stock shares of the New Orleans Saints and New Orleans Pelicans to his daughter Renee Benson, grandson Ryan Benson LeBlanc, and granddaughter Rita Benson LeBlanc.
On December 27, 2014, Tom Benson wrote an e-mail to his daughter and two grandchildren stating he wanted ""no further contact with any of you",0,"The context does not mention the year 2018 or any specific year related to ownership. Therefore, the extracted value 2018.0 cannot be verified as correct from the given context."
Enos Stanley Kroenke,76,American,Denver Nuggets,,12,". of the WSL, the Los Angeles Rams of the NFL, Denver Nuggets of the NBA, Colorado Avalanche of the NHL, Colorado Rapids of Major League Soccer, Colorado Mammoth of the National Lacrosse League, the Los Angeles Gladiators of the Overwatch League, and the Los Angeles Guerrillas of the Call of Duty League.
The Nuggets and Avalanche franchises are held in the name of his wife, Ann Walton Kroenke, to evade NFL rules that forbid a team owner from having teams in other markets. Ann, part of the Walton family, is the daughter of Walmart co-founder James ""Bud"" Walton",0,"The context does not explicitly mention the full name of the team owner. It only mentions 'his wife, Ann Walton Kroenke' and references the Walton family, but does not provide the name 'Enos Stanley Kroenke'.",". 1974)​
Enos Stanley Kroenke (/ˈkrɒŋki/; born July 29, 1947) is an American billionaire businessman.  He is the owner of Kroenke Sports & Entertainment, which is the holding company of Arsenal F.C. of the Premier League and Arsenal W.F.C",1,"The context states that Enos Stanley Kroenke was born on July 29, 1947. Given the current year is 2024, his age would be 76.",". To gain approval from NFL owners, Kroenke agreed to turn over control of the Denver Nuggets and Colorado Avalanche to his son, Josh, by the end of 2010, and he had to give up his majority stake in both teams in December 2014. The NFL does not allow its owners to hold majority control of major league teams in other NFL markets. On October 7, 2015, the NFL approved transfer of his ownership stake of the Avalanche and Nuggets to his wife, Ann Walton Kroenke.",0,The context does not explicitly mention the nationality of the team owner.,". of the WSL, the Los Angeles Rams of the NFL, Denver Nuggets of the NBA, Colorado Avalanche of the NHL, Colorado Rapids of Major League Soccer, Colorado Mammoth of the National Lacrosse League, the Los Angeles Gladiators of the Overwatch League, and the Los Angeles Guerrillas of the Call of Duty League.
The Nuggets and Avalanche franchises are held in the name of his wife, Ann Walton Kroenke, to evade NFL rules that forbid a team owner from having teams in other markets. Ann, part of the Walton family, is the daughter of Walmart co-founder James ""Bud"" Walton",1,No reason provided,". To gain approval from NFL owners, Kroenke agreed to turn over control of the Denver Nuggets and Colorado Avalanche to his son, Josh, by the end of 2010, and he had to give up his majority stake in both teams in December 2014. The NFL does not allow its owners to hold majority control of major league teams in other NFL markets. On October 7, 2015, the NFL approved transfer of his ownership stake of the Avalanche and Nuggets to his wife, Ann Walton Kroenke.",1,"The context does not provide a specific year when the owner initially acquired the NBA team, only details about ownership transfer and control changes. Therefore, 'nan' (not a number) is a correct extraction for the attribute 'own_year'."
Joshua Jordan Harris,59,American,Philadelphia 76ers,2011.0,13,". Other minor investors included Art Wrubel, Jason Levien, Adam Aron, Martin Geller, David Heller, James Lassiter, Marc Leder, Michael Rubin, Will Smith, Jada Pinkett Smith, and Erick Thohir. Harris presided over an era in 76ers history known as ""The Process"", in which the team tanked for better NBA draft lottery odds",1,"The context mentions 'Harris presided over an era in 76ers history known as ""The Process"",' which aligns with Joshua Jordan Harris being the team owner.",". Harris and Johnson had bid on the NFL's Denver Broncos the previous year before it was sold to a group headed by Walmart executives Rob Walton and Greg Penner. He was the third limited partner of the Steelers since 2012 to become majority owner of another NFL team, joining Jimmy Haslam of the Cleveland Browns and David Tepper of the Carolina Panthers. Around the same time, he bought a minority stake in Joe Gibbs Racing by way of HBSE. In 2024, the pair sold their stake in the Steelers to Art Rooney II and Thomas Tull as NFL rules mandate a majority owner can not hold interest in another team",0,The context does not provide any information about the age of the team owner.,". Harris and Johnson had bid on the NFL's Denver Broncos the previous year before it was sold to a group headed by Walmart executives Rob Walton and Greg Penner. He was the third limited partner of the Steelers since 2012 to become majority owner of another NFL team, joining Jimmy Haslam of the Cleveland Browns and David Tepper of the Carolina Panthers. Around the same time, he bought a minority stake in Joe Gibbs Racing by way of HBSE. In 2024, the pair sold their stake in the Steelers to Art Rooney II and Thomas Tull as NFL rules mandate a majority owner can not hold interest in another team",1,"The context implies the team owner is American, as it references NFL teams and American business figures.",". In addition to the 76ers and Devils, HBSE also owns the Delaware Blue Coats of the NBA G League and the Utica Comets of the American Hockey League, HBSE Real Estate, the venture capital firm HBSE Ventures, and the event and marketing firm Elevate Sports Ventures. In June 2020, Harris and Blitzer bought a combined $140 million stake in the Pittsburgh Steelers of the National Football League (NFL)",1,No reason provided,". Harris would eventually agree to a suggestion by Silver to hire Jerry Colangelo, former owner of the Phoenix Suns, as team chairman in December 2015 with Hinkie stepping down in April 2016. 2014 draft selection and future NBA MVP Joel Embiid was among the players taken during the era, with the team having made five straight postseason appearances starting with the 2017–18 season. The 76ers were valued at $4.13 billion by Sportico in 2023",0,"The context does not mention the year 2011 as the year the owner had the NBA team. The only years mentioned are 2015, 2016, 2017-18, and 2023, none of which correspond to 2011."
James Lawrence Dolan,68,American,New York Knicks,,14,". The teams under his domain include most notably the National Basketball Association's New York Knicks, the National Hockey League's New York Rangers, the Women's National Basketball Association's New York Liberty, and the American Hockey League's Hartford Wolf Pack. Of these teams, the only one to win a championship is the Wolf Pack, who won the Calder Cup in the 1999–2000 AHL season.
As Chairman of Madison Square Garden, he supervises day-to-day operations of its professional sports teams and regional sports networks, which include MSG Network and MSG Plus. He is a governor of the Knicks and Rangers to their respective leagues.",1,No reason provided,". The teams under his domain include most notably the National Basketball Association's New York Knicks, the National Hockey League's New York Rangers, the Women's National Basketball Association's New York Liberty, and the American Hockey League's Hartford Wolf Pack. Of these teams, the only one to win a championship is the Wolf Pack, who won the Calder Cup in the 1999–2000 AHL season.
As Chairman of Madison Square Garden, he supervises day-to-day operations of its professional sports teams and regional sports networks, which include MSG Network and MSG Plus. He is a governor of the Knicks and Rangers to their respective leagues.",0,The context does not provide any information about the age of the team owner.,". The teams under his domain include most notably the National Basketball Association's New York Knicks, the National Hockey League's New York Rangers, the Women's National Basketball Association's New York Liberty, and the American Hockey League's Hartford Wolf Pack. Of these teams, the only one to win a championship is the Wolf Pack, who won the Calder Cup in the 1999–2000 AHL season.
As Chairman of Madison Square Garden, he supervises day-to-day operations of its professional sports teams and regional sports networks, which include MSG Network and MSG Plus. He is a governor of the Knicks and Rangers to their respective leagues.",0,The context does not explicitly mention the nationality of the team owner.,". The teams under his domain include most notably the National Basketball Association's New York Knicks, the National Hockey League's New York Rangers, the Women's National Basketball Association's New York Liberty, and the American Hockey League's Hartford Wolf Pack. Of these teams, the only one to win a championship is the Wolf Pack, who won the Calder Cup in the 1999–2000 AHL season.
As Chairman of Madison Square Garden, he supervises day-to-day operations of its professional sports teams and regional sports networks, which include MSG Network and MSG Plus. He is a governor of the Knicks and Rangers to their respective leagues.",1,No reason provided,". The teams under his domain include most notably the National Basketball Association's New York Knicks, the National Hockey League's New York Rangers, the Women's National Basketball Association's New York Liberty, and the American Hockey League's Hartford Wolf Pack. Of these teams, the only one to win a championship is the Wolf Pack, who won the Calder Cup in the 1999–2000 AHL season.
As Chairman of Madison Square Garden, he supervises day-to-day operations of its professional sports teams and regional sports networks, which include MSG Network and MSG Plus. He is a governor of the Knicks and Rangers to their respective leagues.",1,"The context does not provide any information about the year the owner acquired the NBA team, so 'nan' (not a number) is a correct representation of missing data."
Micky Arison,1949,Israeli-American,Miami Heat,1995.0,15,"

Arison has been the owner of the Miami Heat since 1995. During his ownership, Arison hired Pat Riley as the team's head coach (and later team president) and under Arison's ownership the team has won three NBA championships (2006, 2012, and 2013).
In 2011, Forbes magazine calculated Arison's wealth at $7 billion, making him the 169th wealthiest person in the world",1,No reason provided,"

Arison has been the owner of the Miami Heat since 1995. During his ownership, Arison hired Pat Riley as the team's head coach (and later team president) and under Arison's ownership the team has won three NBA championships (2006, 2012, and 2013).
In 2011, Forbes magazine calculated Arison's wealth at $7 billion, making him the 169th wealthiest person in the world",0,The extracted value '1949' is not an age but appears to be a year. The context does not provide the owner's age.,"

Arison has been the owner of the Miami Heat since 1995. During his ownership, Arison hired Pat Riley as the team's head coach (and later team president) and under Arison's ownership the team has won three NBA championships (2006, 2012, and 2013).
In 2011, Forbes magazine calculated Arison's wealth at $7 billion, making him the 169th wealthiest person in the world",0,The context does not provide any information about Arison's nationality.,"

Arison has been the owner of the Miami Heat since 1995. During his ownership, Arison hired Pat Riley as the team's head coach (and later team president) and under Arison's ownership the team has won three NBA championships (2006, 2012, and 2013).
In 2011, Forbes magazine calculated Arison's wealth at $7 billion, making him the 169th wealthiest person in the world",1,No reason provided,"

Arison has been the owner of the Miami Heat since 1995. During his ownership, Arison hired Pat Riley as the team's head coach (and later team president) and under Arison's ownership the team has won three NBA championships (2006, 2012, and 2013).
In 2011, Forbes magazine calculated Arison's wealth at $7 billion, making him the 169th wealthiest person in the world",1,No reason provided
Joseph Steven Lacob,67,American,Golden State Warriors,2010.0,16,".  Lacob and Peter Guber are the chief owners, but Lacob is in charge of day-to-day operations.
Before the 2014-15 NBA season, Lacob fired coach Mark Jackson who had just led the Warriors to the playoffs in consecutive seasons. Lacob explained the decision at a conference of fellow venture capitalists: ""Part of it was, he couldn't get along with anybody else in the organization. And, look, he did a great job -- and I'll always compliment him in many respects -- but you can't have 200 other people in the organization not like you",1,The context mentions 'Lacob' as the chief owner and in charge of day-to-day operations. The extracted full name 'Joseph Steven Lacob' correctly corresponds to 'Lacob' mentioned in the context.,"
Joe Lacob

Joseph Steven Lacob (born January 10, 1956) is an American business executive who was a partner at Kleiner Perkins and is the majority owner of the Golden State Warriors of the National Basketball Association (NBA) and the Golden State Valkyries of the Women's National Basketball Association (WNBA).

Early life and education",1,"The context states Joe Lacob was born on January 10, 1956. Given the current year is 2023, his age would be 67.","
Joe Lacob

Joseph Steven Lacob (born January 10, 1956) is an American business executive who was a partner at Kleiner Perkins and is the majority owner of the Golden State Warriors of the National Basketball Association (NBA) and the Golden State Valkyries of the Women's National Basketball Association (WNBA).

Early life and education",1,No reason provided,". He already had extensive experience operating an NBA team as part-owner of the Boston Celtics, and also points to his friendships with two major league baseball team general managers, Billy Beane of the Oakland Athletics and Jeff Moorad of the San Diego Padres, who have both proven that winning records are not solely related to the size of the team payroll.  Lacob approved the acquisitions of David Lee and undrafted rookie guard Jeremy Lin, a hometown favorite. He also fired coach Don Nelson and replaced him with assistant coach Keith Smart. The sale was unanimously approved by the NBA league's board of governors on November 12, 2010",1,"The context mentions Lacob, who is known as the owner of the Golden State Warriors, and the details about NBA team operations align with this team.",". He already had extensive experience operating an NBA team as part-owner of the Boston Celtics, and also points to his friendships with two major league baseball team general managers, Billy Beane of the Oakland Athletics and Jeff Moorad of the San Diego Padres, who have both proven that winning records are not solely related to the size of the team payroll.  Lacob approved the acquisitions of David Lee and undrafted rookie guard Jeremy Lin, a hometown favorite. He also fired coach Don Nelson and replaced him with assistant coach Keith Smart. The sale was unanimously approved by the NBA league's board of governors on November 12, 2010",1,"The context states that the sale was unanimously approved by the NBA league's board of governors on November 12, 2010, indicating that the owner acquired the NBA team in 2010."
