team_name,founded_year,location,ownership,championship,id,team_name_evidence,team_name_tag,team_name_reason,founded_year_evidence,founded_year_tag,founded_year_reason,location_evidence,location_tag,location_reason,ownership_evidence,ownership_tag,ownership_reason,championship_evidence,championship_tag,championship_reason
Atlanta Hawks,1946,Atlanta,Atlanta Spirit LLC,1,1,"
Atlanta Hawks


City uniform",1,"The context explicitly mentions 'Atlanta Hawks' as the team name, which matches the extracted value.","

Franchise history


1946–1953: Buffalo, Tri-Cities and Milwaukee",1,"The context explicitly states '1946–1953: Buffalo, Tri-Cities and Milwaukee', indicating that the team's history began in 1946, which matches the extracted value.","
Atlanta Hawks


City uniform",1,"The context explicitly mentions 'Atlanta Hawks', indicating that the team is located in Atlanta. Therefore, the extracted value 'Atlanta' is correct.","

Atlanta Spirit LLC's ownership",1,"The context explicitly states 'Atlanta Spirit LLC's ownership', indicating that Atlanta Spirit LLC is the owner. Thus, the extracted value 'Atlanta Spirit LLC' correctly represents the ownership.","

Season-by-season record

List of the last five seasons completed by the Hawks. For the full season-by-season history, see List of Atlanta Hawks seasons.

Logos and uniforms",0,"The context provided does not mention any championships won by the Hawks. It only refers to a season-by-season record and logos/uniforms, with no specific data on championships."
Boston Celtics,1946,Boston,  ,18,2,"

Rivalries


Los Angeles Lakers",0,"The context mentions 'Los Angeles Lakers', not 'Boston Celtics'. The extracted value does not match the team name in the context.","

Franchise history


1946–1950: early years",1,"The context explicitly states '1946–1950: early years', indicating that the team was founded in 1946.","

Rivalries


Los Angeles Lakers",0,"The context mentions 'Los Angeles Lakers', indicating the team is located in Los Angeles, not Boston.","

Management


Ownership history


Team presidents


General managers


Other


See also


Notes


References


External links


Boston Celtics


Boston Celtics


Contents

",0,"The extracted value is empty, and the context does not provide any specific name or information about the team's owner.","

Season-by-season record

List of the last five seasons completed by the Celtics. For the full season-by-season history, see List of Boston Celtics seasons.

Records, retired numbers, and awards

The Celtics have won an NBA-record 18 championships. Forty-eight members of the Naismith Memorial Basketball Hall of Fame are connected to the Celtics, and the franchise has retired 23 jersey numbers, more than any other American sports team. As of December 2023, the Celtics have won more NBA regular season games than any other team.

Hall of Fame",1,"The context explicitly states, 'The Celtics have won an NBA-record 18 championships,' which directly confirms the extracted value of 18."
Brooklyn Nets,1967,Brooklyn,Joseph Tsai,0,3,"

Bold denotes still active with the team. Italics denotes still active, but not with the team. ""Name*"" includes combined statistics for the team from both the ABA and NBA.

Retired numbers


Basketball Hall of Famers


FIBA Hall of Fame


Individual awards


NBA


ABA


NBA All-Star Weekend


ABA All-Star Game


ABA All-Star Game


NBA D-League/G League affiliation",0,"The context provided does not mention 'Brooklyn Nets' or any specific team name. It only lists categories like 'Retired numbers,' 'Basketball Hall of Famers,' and 'NBA/ABA awards,' without associating them with any team. Therefore, the extracted value 'Brooklyn Nets' cannot be verified as correct from the given context.","

The Brooklyn Nets were founded in 1967 and initially played in Teaneck, New Jersey, as the New Jersey Americans. In its early years, the team led a nomadic existence, moving to Long Island in 1968 and playing in various arenas there as the New York Nets.
Led by Hall of Famer Julius ""Dr. J"" Erving, the Nets won two ABA championships in New York before becoming one of four ABA teams to be admitted into the NBA as part of the ABA–NBA merger in 1976",1,"The context explicitly states that 'The Brooklyn Nets were founded in 1967,' which matches the extracted value.","

""New Jersey Americans"" redirects here. For the soccer club, see New Jersey Americans (soccer).
The Brooklyn Nets are an American professional basketball team based in the New York City borough of Brooklyn. The Nets compete in the National Basketball Association (NBA) as a member of the Atlantic Division of the Eastern Conference. The team plays its home games at Barclays Center. They are one of two NBA teams located in New York City; the other is the New York Knicks.
The club was established in 1967 as a charter franchise of the NBA's rival league, the American Basketball Association (ABA)",1,"The context explicitly states that the Brooklyn Nets are based in the New York City borough of Brooklyn, making 'Brooklyn' the correct extracted value for the location attribute.",". Jay-Z was a leader in the marketing for the team and helped encourage their move from New Jersey to the Barclays Center in Brooklyn, in which he also held a stake. He relinquished his stake after registering as a sports agent with his new agency Roc Nation Sports, to avert any potential conflicts of interest. His shares were eventually sold to singer, rapper, actor and entrepreneur Will Pan, making Pan the first American of Taiwanese descent to own a U.S. professional sports franchise",0,"The context mentions that Will Pan became the owner after purchasing Jay-Z's shares, making him the first American of Taiwanese descent to own a U.S. professional sports franchise. Joseph Tsai is not mentioned in the context as the owner.","

Bold denotes still active with the team. Italics denotes still active, but not with the team. ""Name*"" includes combined statistics for the team from both the ABA and NBA.

Retired numbers


Basketball Hall of Famers


FIBA Hall of Fame


Individual awards


NBA


ABA


NBA All-Star Weekend


ABA All-Star Game


ABA All-Star Game


NBA D-League/G League affiliation",0,"The context provided does not mention any championships won by the team, nor does it explicitly state that the team has 0 championships. Therefore, the extracted value '0' cannot be verified as correct based on the given context."
Charlotte Hornets,1988,Charlotte,Gabe Plotkin and Rick Schnall,0,4,"


Franchise records, awards and honors


Franchise leaders

Bold denotes still active with team. Italic denotes still active but not with team.

Individual awards


NBA All-Star Weekend


Retired numbers


Basketball Hall of Famers


FIBA Hall of Famers


Mascot and cheerleaders",0,"The context provided does not mention 'Charlotte Hornets' or any specific team name. It only lists general categories like franchise records, awards, retired numbers, and hall of famers without specifying a team.","

Franchise history


1985–1988: Creation of the Hornets",0,"The context states '1985–1988: Creation of the Hornets', which implies the team was founded in 1985, not 1988. The year 1988 likely marks the end of the creation period, not the founding year.",". Previously the team practiced at the Grady Cole Center in the Elizabeth neighborhood before moving to a purpose-built facility in Fort Mill, South Carolina located beside Knights Castle; this facility is now known as The Pointe Arts and Recreation Center.",0,"The context mentions that the team moved to a facility in Fort Mill, South Carolina, not Charlotte. While the Grady Cole Center is in Charlotte's Elizabeth neighborhood, the latest location mentioned is Fort Mill, South Carolina.",". major professional sports since the Negro leagues. The franchise with Johnson as its owner was approved by the NBA Board of Governors on January 10, 2003. Hip-hop artist Nelly became a notable co-owner. The owners paid a $300 million expansion fee to enter the league.
In June 2003, the team name was officially announced as the Bobcats. The Charlotte Regional Sports Commission aided the naming process with a ""Help Name The Team"" effort that drew over 1,250 suggestions, with 'Flight' being the winner",0,"The context mentions Johnson as the owner and Nelly as a notable co-owner, but does not mention Gabe Plotkin and Rick Schnall. Therefore, the extracted value is incorrect.","

Season-by-season record

List of the last five seasons completed by the Hornets. For the full season-by-season history, see List of Charlotte Hornets seasons.

Arenas",1,"The context provided does not mention any championships won by the Charlotte Hornets. It only refers to a season-by-season record and arenas, implying no championships are listed or implied. Thus, the extracted value of 0 is correct."
Chicago Bulls,1966,Chicago,,6,5,"

Name, logo, and uniforms


Name, logo, and uniforms",0,"The context provided does not mention 'Chicago Bulls' or any team name. It only refers to general categories like 'Name, logo, and uniforms' without specifying any actual team.","

Franchise history


1966–1975: Team creation and early success",1,"The context explicitly states '1966–1975: Team creation and early success', indicating that the team was founded in 1966.",".
The Bulls' ""City"" uniform for 2019–20 continued the flag theme, featuring a light blue base and a recolored Bulls logo in front. The predominantly blue uniform was also inspired from the waters of Lake Michigan and the Chicago River.
For the 2020–21 season, the Bulls' ""City"" uniform featured elements of Chicago's Art Deco architecture and imagery, featuring a dark grey base, gold lettering and red accents.
The Bulls' ""City"" uniform for the 2021–22 season was a ""mixtape"" of past uniform designs",1,"The context mentions 'Chicago's Art Deco architecture' and 'waters of Lake Michigan and the Chicago River,' which strongly indicate that the team is located in Chicago. Additionally, the Bulls are widely known as the Chicago Bulls, further confirming the location.","

Name, logo, and uniforms


Name, logo, and uniforms",0,"The context provided does not mention any information about the team's owner or ownership. The extracted value 'nan' indicates no data was found, which is accurate in this case since the context is unrelated to ownership.","

1990–1993: First championship three-peat",0,"The context mentions 'First championship three-peat', which implies the team won 3 championships in a row, not 6."
Cleveland Cavaliers,1970,Cleveland,Dan Gilbert  ,1,6,".
In the 1999–2000 season, the Cavaliers opted to go for a cleaner look, eliminating the splash and adding an orange and blue line that runs through the shorts. The home jerseys feature the team nickname and the uniform numbers are in blue with black lines, while the away jerseys featured the city name and the uniform numbers in white with blue lines; these jerseys were used until the 2002–03 season. The logo used in this period was of a basketball on its way down a net, surrounded by a black square and the word ""CAVS"" in blue with black line below",1,"The context refers to 'the Cavaliers,' which is the well-known nickname for the Cleveland Cavaliers. The use of 'Cavaliers' in the context clearly indicates the full team name is Cleveland Cavaliers.",". However, in the 1987–88 season, orange was relegated as a secondary color, and blue was used instead as the primary for the away and home uniforms; minor changes in the 1989–90 season include the city name on the blue away uniforms. The drop shadows were also removed. The orange version of the uniform was used again in the 2006–07 and 2016–17 seasons, as part of the respective 20th and 30th anniversaries of the 1986–87 team",0,"The context does not mention the founding year of the team. It discusses uniform color changes and anniversaries related to the 1986–87 team, but there is no information about the team being founded in 1970 or any other year.",". However, in the 1987–88 season, orange was relegated as a secondary color, and blue was used instead as the primary for the away and home uniforms; minor changes in the 1989–90 season include the city name on the blue away uniforms. The drop shadows were also removed. The orange version of the uniform was used again in the 2006–07 and 2016–17 seasons, as part of the respective 20th and 30th anniversaries of the 1986–87 team",0,"The context does not mention any city name, including 'Cleveland'. It only discusses uniform color changes and their historical usage, without specifying the team's location.",". A perennial NBA All-Star and a four-time NBA MVP winner, he led the team to its first NBA Finals in 2007 and their first championship in 2016. The early 1980s were marked by Ted Stepien's ownership. During Stepien's tenure, the Cavaliers made a practice of trading future draft picks for marginal veteran players. His most notable deal sent a 1982 first-round pick to the Los Angeles Lakers in exchange for Don Ford and the 22nd overall pick in 1980",0,"The context mentions Ted Stepien as the owner during the early 1980s, but there is no mention of Dan Gilbert. Therefore, the extracted value 'Dan Gilbert' is not supported by the provided context.",". The 2016 NBA Finals victory over the Golden State Warriors marked the first time in Finals history a team had come back to win the series after trailing, 3–1. The Cavaliers have 23 playoff appearances and have won seven Central Division titles, five Eastern Conference titles and one NBA title.",1,"The context explicitly states that the Cavaliers have won 'one NBA title,' which corresponds to the extracted value of 1 for championships."
Dallas Mavericks,1980,Dallas,Miriam Adelson and Patrick Dumont,1,7,"

Los Angeles Lakers",0,"The context mentions 'Los Angeles Lakers', not 'Dallas Mavericks'. The extracted value does not match the team name in the context.","

Franchise history


1978–1981: The creation and early years of the Mavericks",0,"The context states the franchise history begins in 1978, indicating the team was founded in 1978, not 1980.","

Los Angeles Lakers",0,"The context mentions 'Los Angeles Lakers', indicating the team is located in Los Angeles, not Dallas.",". Carter would provide half the amount.
At the 1980 NBA All-Star Game, league owners voted to admit the new team, with the team's name coming from the 1957–1962 TV western Maverick; the fans chose the title with 4,600 postcards received, beating Wranglers and Express. James Garner, who played the title character, was a member of the ownership group. The University of Texas at Arlington, who also uses the Mavericks nickname, had objections about a shared name but did not attempt any legal action",0,"The context mentions James Garner as a member of the ownership group, but does not mention Miriam Adelson or Patrick Dumont. Therefore, the extracted value is incorrect.",". The Spurs have won five championships and six conference titles, while the Mavericks have won one championship and three conference titles. The Spurs have won 15 division titles, while the Mavericks have won 5. Both the Spurs and the Mavericks have 3 60-win seasons. This is known as the ""I-35 rivalry"" because both cities lie on Interstate 35.
The two teams met in the playoffs during the 2000–2001 season with the Spurs winning in five games. Little was made during this series, as the Spurs won their first NBA championship only two years before",1,"The context states that the Mavericks have won one championship, which matches the extracted value of 1."
Denver Nuggets,1967,Denver, ,1,8,". The light uniform (dubbed by Nike as the ""Association"" jersey), the dark uniform (dubbed by Nike as the ""Icon"" jersey) and the alternate uniform (dubbed by Nike as the ""Statement"" jersey) saw the return of navy blue as a primary color for the first time since the 2002–03 season, while powder blue was drastically diminished and relegated to trim color status. Slight tweaks were made to the striping and lettering",0,The context does not mention the team name 'Denver Nuggets' or any specific team name. It only discusses jersey designs and color changes without identifying the team.,"

Franchise history


1967–1969: Franchise background and founding",1,"The context explicitly states '1967–1969: Franchise background and founding', indicating that the franchise was founded in 1967.","

City Edition uniforms",0,"The context 'City Edition uniforms' does not provide any specific information about the team's location or mention 'Denver'. Therefore, the extracted value 'Denver' cannot be verified as correct based on the given context.","

New ownerships",0,"The context 'New ownerships' does not provide any specific name or details about the team's owner, so the extracted value is empty and incorrect.","

2022-2023: First NBA title",1,"The context explicitly states 'First NBA title,' which indicates that the team has won 1 championship."
Detroit Pistons,1937,Detroit,,3,9,"


Los Angeles Lakers


References


External links


Detroit Pistons


Contents

",1,"The context contains 'Detroit Pistons', which matches the extracted value exactly and fits the description of a full team name.","

Franchise history


1937–1957: Fort Wayne (Zollner) Pistons",1,"The context explicitly states '1937–1957: Fort Wayne (Zollner) Pistons', indicating that the team was founded in 1937.","


Los Angeles Lakers


References


External links


Detroit Pistons


Contents

",1,"The context includes 'Detroit Pistons', which indicates that the team is located in Detroit. Therefore, the extracted value 'Detroit' is correct.","


Los Angeles Lakers


References


External links


Detroit Pistons


Contents

",1,"The context provided does not contain any information about the ownership of the teams mentioned (Los Angeles Lakers or Detroit Pistons). Therefore, 'nan' (not available) is a correct representation of the absence of ownership information.",". With the win, Bill Davidson became the first owner to win both an NBA and NHL championship in the same calendar year, as he had also won the Stanley Cup as owner of the Tampa Bay Lightning.
Despite losing key members of their bench during the off-season (including Okur, Mike James and Corliss Williamson), the Pistons were considered a strong contender to win a second consecutive title in 2005. They won 54 games during the regular season, their fourth consecutive season of 50 or more wins",0,"The context mentions Bill Davidson winning both an NBA and NHL championship in the same year, and the Pistons being contenders for a second consecutive title in 2005, but it does not state that the Pistons won 3 championships. The extracted value of 3 is not supported by the context."
Golden State Warriors,1946,San Francisco,,7,10,"

Logos and uniforms


1946–1962: Early years in Philadelphia

As the Philadelphia Warriors, their uniforms generally featured the shortened city name ""PHILA"" in front, with a few adjustments to the striping and color scheme on the letters. Home uniforms were white and road uniforms were blue with gold accents, with red added during the late 1940s.

San Francisco: ""The City""",0,"The context refers to the team as the 'Philadelphia Warriors' during the 1946–1962 period and later mentions 'San Francisco,' but does not mention 'Golden State Warriors.' The extracted value is not supported by the provided context.","

Franchise history


1946–1962: Early years in Philadelphia",1,"The context explicitly states '1946–1962: Early years in Philadelphia', indicating that the team was founded in 1946.",". The new location, which still faced some vocal opposition in San Francisco, eliminated the need for voter approval as required with the original site. The move also elicited criticism due to the perceived alienation of a loyal fanbase in Oakland. The sale was finalized in October 2015 and naming rights were sold to JPMorgan Chase for the arena to be called the Chase Center. Although the Warriors considered a name change, possibly returning to their former name of San Francisco Warriors, it was ultimately decided that they would remain the Golden State Warriors upon their return to San Francisco",1,"The context explicitly mentions that the Warriors returned to San Francisco and that the new arena, Chase Center, is located there. This confirms that San Francisco is the latest city the team is located in.",". On November 15, the Warriors announced the new 19-person ownership group composed of Joe Lacob, Peter Guber, Vivek Ranadivé, Erika Glazer, Fred Harman, Bob Piccinini, Larry Bowman, Danny German, Marty Glick, Chad Hurley, Craig R. Johnson, Bruce Karsh, Jeffrey A. Miller, Paul Schaeffer, David Scially, Nick Swinmurn, Harry Tsao, John Walecka, Dennis Wong and Chamath Palihapitiya",0,"The context clearly lists a 19-person ownership group, including names like Joe Lacob, Peter Guber, and others. The extracted value 'nan' is incorrect as it implies no ownership information, while the context provides detailed ownership data.","

2021–2022: Championship glory",0,"The context '2021–2022: Championship glory' indicates a single championship achievement during that period, not 7 championships."
Houston Rockets,1967,Houston,,2,11,". The initial home uniforms, used until the 1975–76 season, features the city name, numbers and serifed player name in red with gold trim, while the away uniforms feature the city name (all capitalized except for the lower case 'T' and 'N'), numbers and serifed player name in gold with white trim.
In the 1976–77 season, the Rockets modified their uniforms, featuring a monotone look on the Cooper Black fonts and white lettering on the road uniforms",1,"The context refers to the team's uniforms and mentions 'Rockets' multiple times, which is part of the full team name 'Houston Rockets'. The context implicitly confirms the team name as 'Houston Rockets' since it discusses their uniform changes over seasons, which is specific to this team.","

Team identity


Uniforms and logos",0,"The context provided ('Team identity', 'Uniforms and logos') does not contain any information about the founding year of the team. Therefore, the extracted value '1967' cannot be verified as correct from this context.",". On the home shorts, the team logo is located on the right leg, while the away shorts feature the team name wordmark on the same location. With minor modifications in the number font, this version was used in all four of their NBA Finals appearances, including their 1994 and 1995 championships.
Following the 1995 title, the Rockets opted to modernize their look. After a fan contest with over 5,000 entries, the team went with the idea of Missouri City artist Thomas Nash of a rocket orbiting a basketball, which was then reworked by Houston designer Chris Hill",1,"The context mentions 'Houston designer Chris Hill,' which implies that the team is associated with Houston. Additionally, the Rockets are a well-known NBA team based in Houston, further supporting the correctness of the extracted value.","


General managers


Owners


Head coaches


Politics",0,"The context includes a section labeled 'Owners', which implies that ownership information is available. However, the extracted value 'nan' suggests no data was found, which contradicts the presence of the 'Owners' section. Therefore, the value is incorrect.","

1993–1995: Back-to-Back Championships for Clutch City",1,"The context '1993–1995: Back-to-Back Championships for Clutch City' implies that the team won two consecutive championships during this period, which matches the extracted value of 2."
Indiana Pacers,1967,Indianapolis, ,3,12,"

New York Knicks",0,"The context mentions 'New York Knicks', not 'Indiana Pacers'. The extracted value does not match the context.","

Franchise history


1967–1976: ABA dynasty",1,"The context explicitly states '1967–1976: ABA dynasty', indicating that the team's history began in 1967, which aligns with the extracted value for founded_year.","

Logos and uniforms",0,"The context 'Logos and uniforms' does not provide any information about the team's location or city, such as Indianapolis.",".
In April of the 2007–08 season, Donnie Walsh, Pacers Sports & Entertainment CEO & President, left the Indiana Pacers to join the New York Knicks. All of Walsh's basketball-related duties were given to Pacers' President of Basketball Operations Larry Bird. Walsh's business-related roles were given to co-owner Herb Simon and Jim Morris, who was promoted to President of Pacers Sports & Entertainment.
During the 2009 off–season, the Pacers traded declining Jermaine O'Neal along with Nathan Jawai to the Toronto Raptors in exchange for Roy Hibbert, T. J",0,"The context does not mention any specific individual as the team's owner. While Herb Simon is referred to as a co-owner, the extracted value is empty, which is incorrect since at least partial ownership information (Herb Simon) is available.",".
The Pacers have won three championships, in 1970, 1972, and 1973, all in the ABA. They also reached the ABA Finals in 1969 and 1975. The Pacers were NBA Eastern Conference Champions in 2000. The team has also won nine division titles.
Six Hall of Fame players–Reggie Miller, Chris Mullin, Alex English, Mel Daniels, Roger Brown, and George McGinnis—played with the Pacers for multiple seasons. Hall of Famers Adrian Dantley, Gus Johnson, and Tim Hardaway also played for the Pacers",1,"The context explicitly states that the Pacers have won three championships in 1970, 1972, and 1973, all in the ABA. Therefore, the extracted value of 3 is correct."
Los Angeles Clippers,1970,Los Angeles,Steve Ballmer,0,13,". Below that is the club's wordmark logo in black, with the two curved lines below the wordmark symbolizing the horizon of the ocean, which the club says it alludes to its nautical roots. The team also unveiled its new home and away uniforms, which kept the design template from the previous uniforms. The home white uniform features the club's wordmark logo in black across the front. The away red uniform features the club's ""LAC"" monogram across the right breast, with the player's jersey number across the left breast",0,"The context mentions 'LAC' monogram and 'nautical roots', which are associated with the Los Angeles Chargers (NFL) or possibly a soccer team, but not the Los Angeles Clippers (NBA). The Clippers are a basketball team and do not have nautical-themed branding or 'LAC' as their monogram. The context does not explicitly mention 'Los Angeles Clippers'.","

Franchise history


1970–1978: Buffalo Braves",1,"The context explicitly states '1970–1978: Buffalo Braves', indicating that the team was founded in 1970.",". Below that is the club's wordmark logo in black, with the two curved lines below the wordmark symbolizing the horizon of the ocean, which the club says it alludes to its nautical roots. The team also unveiled its new home and away uniforms, which kept the design template from the previous uniforms. The home white uniform features the club's wordmark logo in black across the front. The away red uniform features the club's ""LAC"" monogram across the right breast, with the player's jersey number across the left breast",1,"The context mentions 'LAC' monogram, which is commonly associated with Los Angeles Club, indicating the team is located in Los Angeles.",". The deal also included a stipulation that Steve Ballmer would keep the Clippers in Los Angeles. On November 6, the team hired its first major female executive as former Auto Club Speedway president Gillian Zucker was hired as the Clippers' president of business operations. Zucker became one of two women to serve in an executive capacity in any of the four major professional sports leagues; the other being Jeanie Buss, president and part-owner of the crosstown Lakers.",1,"The context mentions that Steve Ballmer is involved in a deal concerning the Clippers, and it is widely known that he is the owner of the team. Although the context does not explicitly state 'Steve Ballmer is the owner,' his involvement in stipulations regarding the team strongly implies ownership. Additionally, the context contrasts him with Jeanie Buss, who is explicitly described as a part-owner, further supporting that Ballmer is the owner.","

List of the last five seasons completed by the Clippers. For the full season-by-season history, see List of Los Angeles Clippers seasons.

Home arenas


Logos and uniforms",1,"The context provided does not mention any championships won by the Clippers, and it is widely known that the Clippers have not won an NBA championship as of now. Thus, the extracted value of 0 is correct."
Los Angeles Lakers,1946,Los Angeles,Jerry Buss (from 1979),17,14,"

Name, logo, and uniforms

The Lakers current wordmark, used since the 1999–2000 season. The version shown is used on their ""Association"" white jerseys. The Laker nickname came from the state of Minnesota being the Land of 10,000 Lakes. The team's colors are purple, gold and white. The Lakers logo consists of the team name, ""Los Angeles Lakers"" written in purple on top of a gold basketball. The team usually wears white jerseys for Sunday and holiday home games.

Season-by-season record",1,"The context explicitly mentions 'Los Angeles Lakers' as the team name, which matches the extracted value.","

Minneapolis team co-owner Benjamin Berger The franchise was founded in 1946 as the Detroit Gems and played in the National Basketball League (NBL) during the 1946–47 season where it finished last in the league with only 4 wins in 44 games",1,"The context explicitly states that the franchise was founded in 1946 as the Detroit Gems, which matches the extracted value.","

""Lakers"" redirects here. For the NBA G League team, see South Bay Lakers. For other uses, see Laker (disambiguation).
The Los Angeles Lakers are an American professional basketball team based in Los Angeles. The Lakers compete in the National Basketball Association (NBA) as a member of the Pacific Division of the Western Conference. The Lakers play their home games at Crypto.com Arena, an arena they share with the Los Angeles Sparks of the Women's National Basketball Association, and the Los Angeles Kings of the National Hockey League",1,"The context explicitly states that the Los Angeles Lakers are based in Los Angeles, confirming the extracted value 'Los Angeles' is correct.",". Buss' succession plan had daughter Jeanie Buss assume his title as the Lakers' governor as well as its team representative at NBA Board of Governors meetings.
Given the team's proximity to Hollywood, the Lakers fanbase includes numerous celebrities, many of whom can be seen at the Staples Center during home games. Jack Nicholson, for example, has held season tickets since the 1970s, and directors reportedly need to work their shooting schedules around Lakers home games. From 2002 and 2007 the team averaged just over 18,900 fans, which placed them in the top ten in the NBA in attendance",0,"The context mentions Jeanie Buss assuming her father's title as the Lakers' governor, implying she is the current owner or at least holds the official position. While Jerry Buss may have been the owner historically (from 1979), the context does not confirm his current ownership status, and the extracted value does not reflect the current ownership as implied by the text.",".
The two teams were tied for the highest number of championships, with 17 titles apiece, until the Celtics surpassed this record in the 2024 NBA Finals; together, the 35 championships account for almost half of the 78 championships in NBA history.
The all-time series record for the Lakers vs Celtics is 209–165 with the Celtics being the forerunners. Boston is the only NBA team with an overall winning record against the Lakers.",1,"The context states that the two teams were tied for the highest number of championships, with 17 titles apiece, which confirms the extracted value of 17 is correct."
Memphis Grizzlies,1995,Memphis,Robert J. Pera,0,15,". The white ""Association"" and navy blue ""Icon"" uniform featured player names below the number and straight alignment for the city name and team name respectively. Both uniforms featured three alternating lines on the beltline, which spelled ""MEM"", the primary logo on the left leg, and asymmetrical striping. On the Beale Street blue ""Statement"" uniform, player names were placed above the number, and the team name was arranged in a radial arch. The primary logo is on the beltline and on the left leg while the aforementioned alternating ""MEM"" lines surround the logo",1,"The context mentions 'MEM', which is the abbreviation for Memphis, and references to 'Beale Street' (a famous street in Memphis) and the team's uniforms strongly imply the team is the Memphis Grizzlies. The extracted value 'Memphis Grizzlies' is consistent with this context.",".
The team was originally established in Canada as the Vancouver Grizzlies in the city of Vancouver, British Columbia, an expansion team that joined the NBA for the 1995–96 season. After the 2000–01 season concluded, the Grizzlies left Vancouver and moved to Memphis.",1,"The context states that the team joined the NBA for the 1995–96 season, which implies it was founded in 1995.",". The ""City"" uniform for the 2023–24 season, according to the team, ""represents the pure simple joy of growing up playing basketball on local courts dreaming of representing your hometown team"". The black-based uniform features the ""MEM"" lines in white with gold numbers.",1,"The context mentions 'MEM' lines, which is a common abbreviation for Memphis, indicating the team is associated with Memphis. Additionally, the description of the uniform representing 'your hometown team' further supports that the team is located in Memphis.",". Pera, who at 34 had a spot on Forbes' 2012 list of the 10 youngest billionaires in the world. The purchase price was in the $350 million range. On August 23, Pera reached an agreement with a group of local partners including J.R. ""Pitt"" Hyde, Staley Cates, Ed Dobbs, Duncan Williams and Billy Orgel. On October 25, Robert Pera was officially approved as the owner of the Memphis Grizzlies. On November 4, Pera named Jason Levien the chief executive officer and managing partner of the Memphis Grizzlies",1,"The context explicitly states that 'On October 25, Robert Pera was officially approved as the owner of the Memphis Grizzlies,' confirming that Robert J. Pera is the correct ownership value.","

Season-by-season record

List of the last five seasons completed by the Grizzlies. For the full season-by-season history, see list of Memphis Grizzlies seasons.

Uniforms",1,"The context provided does not mention any championships won by the Memphis Grizzlies. It only refers to their season-by-season record and uniforms, implying no championships are listed or implied. Therefore, the extracted value of 0 is correct."
Miami Heat,1988,Miami,Micky Arison  ,3,16,".
The Heat wore a variation of their current home uniforms on the opening night of the 2012–13 season, with gold accents and a patch of the Larry O'Brien Championship Trophy on the right chest. They used another variation on opening night of the 2013–14 season, this time with gold lettering.
During the 2013–14 season, the Heat wore a variation of their current home uniforms, but with the player's names at the back replaced by their nicknames (e.g. 'King James' for LeBron James). They wore the uniforms for select home games that season",1,No reason provided,"

Franchise history


1987–1995: Early years in Miami

In 1987, the NBA granted one of four new expansion teams to Miami (the others being the Orlando Magic, Charlotte Hornets, and the Minnesota Timberwolves); the team, known as the Heat, began play in November 1988. The Miami Heat began their early years with much mediocrity, only making the playoffs twice in their first eight years and falling in the first round both times. 
Miami had previously been home to the Miami Floridians of the American Basketball Association (ABA) from 1968 to 1972.",1,"The context states that the Miami Heat began play in November 1988, which indicates the team was founded in that year.",".
In the 2021–22 season, the Heat wore special ""City"" uniforms that mixed various uniform styles used by the team. The black-based uniform featured a mix of lettering taken from the Heat's previous and current uniform sets, including the throwback Floridians and Miami Vice ""City"" set. Players were allowed to choose their own number styles. A white version of this uniform served as its 2022–23 ""City"" uniform.
The 2023–24 ""City"" uniform centered around the mantra of ""HEAT Culture"" within the organization",1,"The context mentions 'Miami Vice' and 'Miami Heat', which strongly indicates that the team is located in Miami. The term 'Miami' is directly associated with the team's identity and uniforms, confirming the location.",". Miami went 15–21 for the final 36 games, and Gentry moved to the Detroit Pistons the following season.
In the summer of 1995, owner Micky Arison hired Pat Riley as the head coach and team president. At eleven years, Riley is the longest-tenured head coach in the franchise's history, as well its all-time leader in total wins and games coached. Upon suffering a 25–57 record in the 2002–03 season, Riley abruptly announced his retirement, but remained as team president. He elevated assistant coach Stan Van Gundy as his replacement",1,"The context explicitly states, 'In the summer of 1995, owner Micky Arison hired Pat Riley as the head coach and team president,' confirming that Micky Arison is the owner.","

2005–2006: Championship season",0,"The context '2005–2006: Championship season' indicates a single championship season, not 3 championships. The extracted value '3' is incorrect."
Milwaukee Bucks,1968,Milwaukee,Wes Edens and Marc Lasry  ,2,17,"


Head coaches


Franchise records


Home arenas


Radio and television",0,"The context provided does not mention 'Milwaukee Bucks' or any team name. It only lists categories like 'Head coaches,' 'Franchise records,' 'Home arenas,' and 'Radio and television.' Therefore, the extracted value cannot be verified as correct.","

Franchise history


1968–1969: Team creation",1,"The context explicitly states '1968–1969: Team creation', indicating that the team was founded in 1968.","


Head coaches


Franchise records


Home arenas


Radio and television",0,"The context provided does not mention any specific city or location, such as Milwaukee, nor does it provide any information about the team's current or latest location. Therefore, the extracted value 'Milwaukee' cannot be verified as correct based on the given context.","

Ownership and arena changes",0,"The context 'Ownership and arena changes' does not provide any specific information about the team's owner or mention 'Wes Edens and Marc Lasry.' Therefore, the extracted value cannot be verified as correct based on the given context.",".
The Bucks have won two league championships (1971, 2021), three conference titles (Western: 1971, 1974, Eastern: 2021), and 19 division titles (1971–1974, 1976, 1980–1986, 2001, 2019–2024)",1,"The context explicitly states that the Bucks have won two league championships (1971, 2021), which matches the extracted value of 2."
Minnesota Timberwolves,1989,Minneapolis,Glen Taylor,0,18,". There were two previous American Basketball Association (ABA) franchises that played in between the Lakers' departure and the Timberwolves arrival: the Minnesota Muskies (1967–68), and the Minnesota Pipers (1968–69). The Timberwolves have worn throwback uniforms for each of the previous franchises.
The franchise conducted a ""name the team"" contest and eventually selected two finalists, ""Timberwolves"" and ""Polars"", in December 1986. The team then asked the 842 city councils in Minnesota to select the winner and ""Timberwolves"" prevailed by nearly 2–1",1,"The context explicitly mentions 'Timberwolves' as the selected team name after a contest and refers to the franchise as 'the Timberwolves,' confirming that 'Minnesota Timberwolves' is the correct full team name.","

Franchise history


1989–1995: Team creation and early years",1,"The context explicitly states '1989–1995: Team creation and early years', indicating that the team was founded in 1989.",".
The Timberwolves' 2019–20 ""City"" uniform, which was unveiled on November 20, 2019, featured a sky blue base with white letters and trim that paid homage to the waters of the Mississippi River and the Minneapolis–Saint Paul metropolitan area (the ""Twin Cities"").
For the 2020–21 season, the Timberwolves' ""City"" uniform paid homage to the North Star, featuring a midnight black base and aurora green trim. A green star is affixed below the neckline and above the abbreviation ""MINN"" in gray",1,"The context mentions the 'Minneapolis–Saint Paul metropolitan area (the ""Twin Cities"")', which confirms that the Timberwolves are located in Minneapolis.",". According to the deal, Lore and Rodriguez would become majority owners over the course of two years. On July 21, 2021, it was announced that Lore and Rodriguez had purchased 20% of the team. They went on to purchase 20% more in 2022 before the deal stalled in 2024. The transaction also includes ownership in the Timberwolves' WNBA sister-club, the Minnesota Lynx. The deal valued the team at $1.5 billion.
In the off-season the Wolves traded guard Ricky Rubio to the Cleveland Cavaliers for forward Taurean Prince",0,"The context mentions Lore and Rodriguez as the individuals purchasing ownership stakes in the team, with no mention of Glen Taylor as the current owner. Therefore, 'Glen Taylor' is not the correct extracted value for the ownership attribute based on the provided context.","

Franchise history


1989–1995: Team creation and early years",1,"The context only mentions the team's creation and early years (1989–1995) without any reference to championships won. Therefore, it is reasonable to assume the number of championships is 0 based on the given information."
New Orleans Pelicans,2002,New Orleans,Gayle Benson,0,19,". The 'New Orleans' wordmark logo across the front of the jerseys is inspired by French Quarter street signs; the Pelicans are one of three NBA teams to wear the city name across the front of both home and road jerseys. The partial logo is featured on the sides of the shorts, and the ""Bird-de-Lis"" logo (a combination mark of the pelican, fleur-de-lis and crescent basketball shape) is featured on the back neck. NBA teams were not allowed to have alternate uniforms during their first season of operation",1,"The context mentions 'New Orleans' as part of the wordmark logo and refers to 'the Pelicans' as the team, which together form the full team name 'New Orleans Pelicans.'",". At a May 20, 2014, press conference announcing the Charlotte Bobcats' official team name change to Hornets, it was also announced that the Pelicans agreed to transfer the records and statistics of the original Hornets (1988–2002) to the current Charlotte franchise, thus unifying all of Charlotte's NBA basketball history under one franchise; the team records and statistics since the 2002 move to New Orleans would be retained by the Pelicans, retroactively turning the Pelicans into a 2002 expansion team",1,"The context states that the Pelicans retroactively became a 2002 expansion team after transferring the original Hornets' records to Charlotte, meaning their founding year is correctly identified as 2002.",". Their ""City"" uniform for the season featured a black base with neon green letters, which were inspired by the vibrant night life of New Orleans.",1,"The context mentions 'the vibrant night life of New Orleans,' which implies that the team's uniform design is inspired by New Orleans, suggesting the team is located there.","

Anthony Davis, seen here in 2014, was drafted first overall by the Pelicans in 2012 and subsequently became the focal point of the team for many years. New owner Tom Benson had indicated early in his ownership that he wished to change the team's name to something more local, even preferring that the Utah Jazz – founded in New Orleans in 1974 and played there until 1979 – give up the ""Jazz"" name, but the Jazz indicated they had no interest in returning the name due to over 30 years of history associated with it",0,"The context mentions ""New owner Tom Benson,"" not Gayle Benson. Therefore, the extracted value is incorrect.",".
In 22 seasons of play since the original franchise relocated from Charlotte, the New Orleans franchise has achieved an overall regular season record of 831–937 (.470) and qualified for the playoffs nine times. Their achievements include two playoff series victories and one division title.",1,"The context mentions the team has achieved two playoff series victories and one division title, but there is no mention of any championships won. Therefore, the extracted value of 0 is correct."
New York Knicks,1946,New York City,James L. Dolan,2,20,". The roundel in front features both the full team name and the ""city never sleeps"" nickname in a white, blue and orange gradient, and white numbers with blue drop shadows are added inside. The ""NYC"" acronym in black and white trim is placed within the Nike mark.
The Knicks' 2021–22 ""city"" uniform featured another collaboration with Kith. The predominantly black uniform featured the classic ""New York"" wordmark in white with orange trim, and orange numbers with white trim",1,"The context mentions 'The Knicks' 2021–22 ""city"" uniform', which implies the team name is 'New York Knicks', as 'Knicks' is the commonly used abbreviation for the New York Knicks. Additionally, the 'New York' wordmark is explicitly referenced, confirming the full team name.",". Alongside the Boston Celtics, the Knicks are one of two original NBA teams still located in its original city.
The team, established by Ned Irish in 1946, was one of the founding members of the Basketball Association of America (BAA), which became the NBA after merging with the rival National Basketball League (NBL) in 1949. The Knicks were successful during their early years and were constant playoff contenders under the franchise's first head coach, Joe Lapchick. Beginning in 1950, the Knicks made three consecutive appearances in the NBA Finals, all of which were losing efforts",1,"The context explicitly states that the team was established by Ned Irish in 1946, which matches the extracted value.",". The roundel in front features both the full team name and the ""city never sleeps"" nickname in a white, blue and orange gradient, and white numbers with blue drop shadows are added inside. The ""NYC"" acronym in black and white trim is placed within the Nike mark.
The Knicks' 2021–22 ""city"" uniform featured another collaboration with Kith. The predominantly black uniform featured the classic ""New York"" wordmark in white with orange trim, and orange numbers with white trim",1,"The context mentions 'New York' as part of the team's wordmark and nickname 'city never sleeps,' which is commonly associated with New York City. Additionally, the 'NYC' acronym is explicitly referenced, confirming the location as New York City.",". Irish explained that the rules of the Arena Managers Association of America stated that Madison Square Garden was required to own any professional teams that played in the arena. On the day of the meeting, Kase made his proposal to the panel of owners; however, they were much more impressed by Irish and his vast resources; Kase relented and the franchise was awarded to Irish.
Irish wanted a distinct name for his franchise that was representative of the city of New York. He called together members of his staff for a meeting to cast their votes in a hat. After tallying the votes, the franchise was named the Knickerbockers",0,"The context mentions that the franchise was awarded to Irish, who wanted a distinct name for his team. There is no mention of James L. Dolan as the owner. Therefore, the extracted value is incorrect.","

1967–1975: championship years",1,"The context '1967–1975: championship years' implies that the team won championships during this period. Since the period spans 8 years and typically championships are won in specific years, it is reasonable to infer that the team won 2 championships during this time, assuming the context refers to two distinct championship years within this range."
Oklahoma City Thunder,1967,Oklahoma City,"Professional Basketball Club LLC, a group of Oklahoma City investors led by Clay Bennett  ",0,21,". The owners agreed to leave the SuperSonics name, logo, colors, banners, trophies, and records in Seattle for a possible future NBA franchise;[disputed – discuss] however, the items would remain the property of the Oklahoma City team along with other ""assets"", including championship banners and trophies.[disputed – discuss] On September 3, 2008, the team name, logo and colors for the Oklahoma City franchise were revealed to the public. The name ""Thunder"" was chosen in reference to Oklahoma's location in Tornado Alley and Oklahoma City as the home of the U.S",1,"The context explicitly states that the team name for the Oklahoma City franchise was revealed to be 'Thunder,' and it is reasonable to infer the full name as 'Oklahoma City Thunder' based on standard NBA team naming conventions and the context provided.",".
The team was originally established as the Seattle SuperSonics, an expansion team that joined the NBA for the 1967–68 season. The SuperSonics relocated from Seattle to Oklahoma City on July 3, 2008, after a settlement was reached between the ownership group led by Clay Bennett and lawmakers in Seattle following a lawsuit. In Seattle, the SuperSonics qualified for the NBA playoffs 22 times, won their division six times, advanced to three NBA Finals, and won the 1979 NBA Championship.
In Oklahoma City, the Thunder qualified for their first playoff berth during the 2009–10 season",1,"The context states that the team was originally established as the Seattle SuperSonics, an expansion team that joined the NBA for the 1967–68 season, which confirms the founded year as 1967.",". The front of the blue ""Icon"" uniform now reads the team name in front while keeping the OKC acronym on the beltline. Their sunset orange ""Earned"" uniforms from the previous season became the basis of their new ""Statement"" uniform, albeit with lighter blue lettering. A new ""City"" uniform for the season commemorated the 25th anniversary of the Oklahoma City bombing and it featured a black and gold palette.
The ""City"" uniform for 2020–21 contained a black base along with the Thunder's signature blue and orange colors splashed throughout",1,"The context mentions 'Oklahoma City bombing' and 'OKC acronym,' which strongly indicate that the team is located in Oklahoma City. Additionally, the 'City' uniform commemorates an event specific to Oklahoma City, further confirming the location.",". The owners agreed to leave the SuperSonics name, logo, colors, banners, trophies, and records in Seattle for a possible future NBA franchise;[disputed – discuss] however, the items would remain the property of the Oklahoma City team along with other ""assets"", including championship banners and trophies.[disputed – discuss] On September 3, 2008, the team name, logo and colors for the Oklahoma City franchise were revealed to the public. The name ""Thunder"" was chosen in reference to Oklahoma's location in Tornado Alley and Oklahoma City as the home of the U.S",0,"The context does not mention the ownership of the team or any details about 'Professional Basketball Club LLC' or 'Clay Bennett.' It only discusses the relocation of the SuperSonics to Oklahoma City, the naming of the new team 'Thunder,' and the retention of certain assets by the Oklahoma City team. Ownership details are not provided in the given text.",". They won their first division title as the Thunder in the 2010–11 season and their first Western Conference championship as the Thunder in the 2011–12 season, appearing in the NBA Finals for the fourth time in franchise history and first time since 1996, when the team was based in Seattle.",1,"The context mentions that the team appeared in the NBA Finals for the fourth time in franchise history and first time since 1996, but it does not state that they won the championship. Therefore, the extracted value of 0 championships is correct."
Orlando Magic,1989,Orlando,,0,22,"

Team identity


Logos and uniforms",0,"The context provided ('Team identity', 'Logos and uniforms') does not mention or imply the team name 'Orlando Magic'. There is no evidence in the context to support this extracted value.","

Franchise history


1985–1986: Team Creation",0,"The context states the team was created in 1985–1986, so the founded_year should be 1985, not 1989.","

Team identity


Logos and uniforms",0,"The context provided ('Team identity', 'Logos and uniforms') does not mention any location or city such as Orlando. Therefore, the extracted value is not supported by the context.",". Owner Rich DeVos announced on October 21 that he was transferring ownership to his children, with the official owner role moving to son-in-law and team president Bob Vander Weide. The transfer was supposed to be complete by the end of the year.
The 2005–06 season opened with high hopes for the Magic despite not being able to add first-round draft pick Vasquez. Grant Hill was supposedly finally healed from his multiple ankle surgeries. Dwight Howard and Jameer Nelson showed excellent progress during summer-league play. Second-round draft pick Travis Diener showed excellent shooting and decision-making during the summer",0,"The context clearly states that ownership was being transferred from Rich DeVos to his children, with Bob Vander Weide taking the official owner role. Therefore, 'nan' is incorrect as it implies no value was found, while the context provides specific names related to ownership.",". As of 2024[update], the franchise has played in the NBA playoffs 17 times in 35 seasons, and twice went to the NBA Finals, in 1995 and 2009, losing to the Houston Rockets and the Los Angeles Lakers, respectively.",1,"The context explicitly states that the team went to the NBA Finals twice (in 1995 and 2009) but lost both times, meaning they have not won any championships. Therefore, the extracted value of 0 is correct."
Philadelphia 76ers,1946,Philadelphia,Harris Blitzer Sports & Entertainment (HBSE)  ,3,23,". Syracuse was the last of the medium-sized cities housing an NBA team, but by then it was apparent that central New York was no longer large enough to support it. The NBA thus returned to Philadelphia one year after the Warriors had left it. A contest was held to decide on a new name for the team. The winning name, chosen by Walter Stalberg, was the ""76ers"". The name comes from the signing of the United States Declaration of Independence in Philadelphia in 1776. ""Sixers"" was also utilized for shorter referencing, particularly in headlines",1,"The context explicitly states that the winning name chosen for the team was the '76ers', which refers to the Philadelphia 76ers, named after the signing of the United States Declaration of Independence in Philadelphia in 1776. The full name 'Philadelphia 76ers' is consistent with this information.","

Franchise history


1946–1963: Syracuse Nationals",1,"The context explicitly states '1946–1963: Syracuse Nationals', indicating that the team was founded in 1946.",".
With the Lakers relocating from Minneapolis to Los Angeles before the 1960–61 season, the Syracuse Nationals became the last old NBL team to still be playing in their original city in the NBA. The Nationals went on to make the playoffs again by finishing in third place with a 38–41 record. The Nationals were dangerous in the playoffs as they stunned the Warriors in three straight games. In the Eastern Finals, the Nationals lost once again to the eventual champion Celtics in five games",0,"The context mentions that the Syracuse Nationals were the last old NBL team still playing in their original city, which is Syracuse, not Philadelphia. There is no mention of Philadelphia in the context.",". The team is owned and managed by Harris Blitzer Sports & Entertainment (HBSE), with founders Josh Harris and David Blitzer acquiring the team in 2011.
The 76ers have had a prominent history, with many Hall of Fame players having played for the organization, including Dolph Schayes, Hal Greer, Wilt Chamberlain, Chet Walker, Billy Cunningham, George McGinnis, Julius Erving, Maurice Cheeks, Bobby Jones, Moses Malone, Charles Barkley, and Allen Iverson.
The 76ers have won three NBA championships",1,"The context explicitly states that 'The team is owned and managed by Harris Blitzer Sports & Entertainment (HBSE)', confirming the extracted value is correct.",". Their first came under their previous name, the Syracuse Nationals, in 1955. The second title came in 1967, a team which was led by Chamberlain. The third title came in 1983, won by a team led by Erving and Malone. The 76ers have only been back to the NBA Finals once since, in 2001, when they were led by Iverson and lost to the Los Angeles Lakers in five games",1,"The context explicitly mentions three championships: in 1955, 1967, and 1983, which matches the extracted value of 3."
Phoenix Suns,1968,Phoenix, ,0,24,". The Suns nickname was among 28,000 entries that were formally chosen in a name-the-team contest sponsored by The Arizona Republic, with the winner awarded $1,000 and season tickets for the inaugural season. Suns was preferred over Scorpions, Rattlers, Thunderbirds, Wranglers, Mavericks, Tumbleweeds, Mustangs and Cougars. Stan Fabe, who owned a commercial printing plant in Tucson, designed the team's first iconic logo for a mere $200",1,"The context mentions 'The Suns nickname' and refers to the team's naming contest, which implies the team is called the 'Phoenix Suns.' The nickname 'Suns' is associated with the Phoenix Suns NBA team, and the context supports this identification.","

Franchise history


1968–1976: Team creation and early years",1,"The context explicitly states '1968–1976: Team creation and early years', indicating that the team was founded in 1968.","

City Edition: ""The Valley""",1,"The context mentions ""The Valley,"" which is a nickname for Phoenix, Arizona, indicating that the team is located in Phoenix.","


2022–present: Transition of ownership and the arrival of Kevin Durant

*Sam Garvin took on the role of interim team governor during the 2022–23 NBA season, effectively taking on most ownership responsibilities for Robert Sarver while he served his season-long suspension in the NBA. Mat Ishbia officially took over the Suns and Phoenix Mercury on February 7, 2023.

General managers",0,"The extracted value for 'ownership' is empty, but the context clearly states that Mat Ishbia officially took over the Suns and Phoenix Mercury on February 7, 2023, making him the owner. Therefore, the correct value should be 'Mat Ishbia'.",". Boston eventually won the series in six games, clinching the championship at the Coliseum, defeating Phoenix in game six, 87–80.",0,"The context indicates that Boston won the series and clinched the championship, which implies they earned at least one championship. Therefore, the extracted value of 0 is incorrect."
Portland Trail Blazers,1970,Portland,Paul Allen,1,25,". Two weeks later, on February 24, team management held a contest to select the team's name and received more than 10,000 entries. The most popular choice was ""Pioneers"", but that name was excluded from consideration as it was already used by sports teams at Portland's Lewis & Clark College. The name ""Trail Blazers"" received 172 entries, and was ultimately selected by the judging panel, being revealed on March 13 in the halftime of a SuperSonics game at the Memorial Coliseum",1,"The context mentions that the name 'Trail Blazers' was selected by the judging panel and revealed on March 13. Since the team is based in Portland (implied by the reference to Portland's Lewis & Clark College), the full team name 'Portland Trail Blazers' is correctly extracted.","

History


1970–1974: Franchise inception",1,"The context explicitly states '1970–1974: Franchise inception', indicating that the team was founded in 1970.","

Head coaches


Team branding",0,"The context provided does not mention any city or location, including Portland. It only refers to 'Head coaches' and 'Team branding,' which are unrelated to geographical location.","

Paul Allen ownership",1,"The context 'Paul Allen ownership' directly indicates that Paul Allen is the owner, so the extracted value 'Paul Allen' correctly represents the ownership attribute.",".
The team has advanced to the NBA Finals three times, winning the NBA championship once in 1977. Their other NBA Finals appearances were in 1990 and 1992. The team has qualified for the playoffs in 37 seasons of their 54-season existence (through the 2023–24 season), including a streak of 21 straight appearances from 1983 through 2003, tied for the second longest streak in NBA history. The Trail Blazers' 37 playoff appearances rank fourth in the NBA only behind the Los Angeles Lakers, Boston Celtics and San Antonio Spurs since the team's inception in 1970",1,"The context explicitly states that the team won the NBA championship once in 1977, which confirms the extracted value of 1 is correct."
Sacramento Kings,1923,Sacramento,  ,1,26,". The white ""Association"" uniform featured black letters and purple trim, along with purple, black and silver side stripes. The black ""Icon"" uniform featured white letters and purple trim, along with purple and silver side stripes. The ""Statement"" uniform drew inspiration from the alternate uniforms worn from 1994 to 1997, largely featuring purple with a black gradient along with purple and black checkerboard patterns on each side. The full team name, using the modern team wordmark, is emblazoned in front.",0,"The context does not mention 'Sacramento Kings' or any specific team name. It only describes uniform designs and mentions 'the full team name, using the modern team wordmark,' without specifying which team.","

The basis of a purely-professional team in Rochester, New York, which came into existence in 1945, was two decades of a sponsored semi-professional team, the Rochester Seagrams. Canadian distiller Seagram was the team's main sponsor and received the bulk of what monies were made. One of the team's early stars was Lester Harrison, a local high school star of some publicity before joining the team. Harrison later became the team's captain, coach, manager, and chief scout over the next two decades",0,"The context states that the team came into existence in 1945, not 1923. The mention of 'two decades of a sponsored semi-professional team' refers to the period before 1945, but the founding year of the purely-professional team is explicitly 1945.",". Although the NBA previously had a team in St. Louis, Missouri in the form of the St. Louis Hawks, that team moved to Atlanta in 1968, thus preventing a potential new rivalry for the Kings. This made the Kings the first team in the state in four years. 13 years later, the Kings moved to California, leaving Missouri without a team.",0,"The context mentions that the Kings moved to California but does not specify Sacramento as the location. Therefore, 'Sacramento' cannot be verified as correct based on the given context.",". McNair announced three additional hires on October 14, 2020; these included the aforementioned Wes Wilcox who became an assistant GM, former Philadelphia 76ers scouting director Phil Jabour as vice president of player personnel, and Oklahoma City Blue executive Paul Johnson as director of basketball operations.
In July 2021, Dyal Capital, a unit of Blue Owl Capital, began to solidify a deal investing in the basketball team, giving the investment firm a 5 percent stake in the team with a valuation of $1.5 billion, though another person familiar with the matter placed the valuation closer to $1.8 billion",0,The context does not mention the name of the team's owner. It discusses hires and an investment deal by Dyal Capital but does not specify ownership.,".
Red Holzman The Royals won the NBA title in 1951 by defeating the New York Knicks 4–3. It is the only NBA championship in the franchise's history. The title, however, did not translate into profit for the Royals. The roster turned over in 1955, except for star guard Bobby Wanzer, who soon became the team's new coach. The team moved to the larger Rochester War Memorial in 1955. The NBA even agreed to host their All-Star Game there in 1956. But the Royals were now a losing team filled with rookies, and did not turn a profit",1,"The context explicitly states that 'It is the only NBA championship in the franchise's history,' which confirms that the team has won exactly 1 championship."
San Antonio Spurs,1967,San Antonio, ,5,27,"

Retired numbers


Basketball Hall of Famers


FIBA Hall of Famers


Franchise leaders

Bold denotes still active with the team. Italics denotes still active, but not with the team. ""Name*"" includes combined statistics for the team from both the ABA and NBA.

Individual awards


NBA individual awards


NBA All-Star Weekend


ABA individual awards


Head coaches


References


External links


San Antonio Spurs


San Antonio Spurs


Contents

",1,"The context explicitly mentions 'San Antonio Spurs' multiple times, confirming it as the full name of the team.","

Franchise history


1967–1973: Beginnings as the Dallas/Texas Chaparrals",1,"The context explicitly states '1967–1973: Beginnings as the Dallas/Texas Chaparrals', indicating that the team was founded in 1967.",". In fact, during the 1970–71 season, the name ""Dallas"" was dropped in favor of ""Texas"" and an attempt was made to make the team a regional one, playing games in Fort Worth, at the Tarrant County Convention Center, as well as Lubbock, at the Lubbock Municipal Coliseum, but this proved a failure and the team returned full-time to Dallas in time for the 1971–72 season, splitting their games at Moody Coliseum and Dallas Convention Center Arena.",0,"The context indicates that the team returned full-time to Dallas for the 1971–72 season, splitting games at Moody Coliseum and Dallas Convention Center Arena. There is no mention of San Antonio in the context, making the extracted value incorrect.",". A group of 35 San Antonio businessmen—led by Angelo Drossos, John Schaefer, and Red McCombs—worked out a ""lend-lease"" deal with the Dallas ownership group. Drossos and his group would lease the team for three years with an option to purchase.
The team's name derives from a spur, a metal tool designed to be worn on the heels of cowboy boots for the purpose of controlling a horse's movement and direction.  After the deal was signed, the team was renamed the San Antonio Gunslingers",0,"The context does not explicitly state the current or specific owner's name; it only mentions a group of businessmen (Angelo Drossos, John Schaefer, and Red McCombs) who leased the team. Therefore, no specific ownership name can be correctly extracted.",". The franchise has won NBA championships in 1999, 2003, 2005, 2007, and 2014. As of the 2022–23 season, the Spurs had the highest winning percentage among active NBA franchises. As of May 2017, the Spurs had the best winning percentage of any franchise in the major professional sports leagues in the United States and Canada over the previous three decades. From 1999–2000 to 2016–17, the Spurs won 50 games each season, setting a record of 18 consecutive 50-win seasons",1,"The context explicitly states that the franchise has won NBA championships in 1999, 2003, 2005, 2007, and 2014, which totals 5 championships."
Toronto Raptors,1995,Toronto, ,1,28,"

Naming the team",0,"The context 'Naming the team' does not provide any specific team name, so 'Toronto Raptors' cannot be verified as correct based on the given context.","

Franchise history


Background",0,"The context provided does not contain any information about the founding year of the team. It only mentions 'Franchise history' and 'Background,' which are too vague to confirm the year 1995 as the correct founded_year.","

Naming the team",0,"The context 'Naming the team' does not provide any information about the team's location or any city such as Toronto. Therefore, the extracted value 'Toronto' cannot be verified as correct.",". As part of the deal, Thomas received an option to purchase part of the team, reportedly for under market value. He would purchase 4.5 per cent in May 1995 and a further 4.5 per cent in December 1995, half each from Bitove and Slaight, decreasing their share to 39.5 per cent. The team's colours of bright red, purple, black, and silver were also revealed; ""Naismith"" silver was chosen to honour Canadian James Naismith, the inventor of basketball",0,"The context does not mention the name of the team's owner. It only discusses Thomas purchasing shares and the reduction of Bitove and Slaight's shares, but does not explicitly state who the owner is.","

Championship banner for the 2019 NBA Finals, depicting the Larry O'Brien Championship Trophy Since their inception in 1995, the Raptors have made the playoffs thirteen times (2000–2002, 2007, 2008, 2014–2020 and 2022), advancing past the first round six times (2001 and 2016–2020). The Raptors have won the Atlantic Division seven times (2007, 2014–2016, and 2018–2020), and the franchise record number of wins in the regular season is 59 (2018)",1,"The context mentions the 'Championship banner for the 2019 NBA Finals,' which implies the Raptors won the championship in 2019. No other championships are mentioned, so the value '1' is correct."
Utah Jazz,1974,Salt Lake City,,0,29,"


FIBA Hall of Fame


Franchise leaders

Bold denotes still active with team. ""Name*"" includes points scored for the team while in the ABA. Italics denotes still active but not with team.

Individual awards


NBA All-Star Weekend


Broadcasters",0,"The context provided does not mention 'Utah Jazz' or any specific team name. It only lists general categories like 'FIBA Hall of Fame,' 'Franchise leaders,' 'Individual awards,' etc., without associating them with any team.","

The club's former primary logo, used from 2016–2022. When the team moved to Utah in 1979, the Jazz made slight changes to their uniforms. The home uniforms remained the same, with the word ""Utah"" added to the center chest logo in the 1986–87 season. In 1981, the road uniforms were changed to dark green, with the aforementioned Jazz logo on the center chest and gold numbers",0,"The context does not mention the founding year of the team. It only discusses uniform changes after the team moved to Utah in 1979, which implies the team existed before 1979, but no specific founding year is provided. Therefore, 1974 cannot be verified as correct.","

Deciding the Jazz were no longer viable in New Orleans, Battistone decided to move elsewhere. After scouting several new homes, he decided on Salt Lake City, even though it was a smaller market. Salt Lake City had previously been home to the Utah Stars of the American Basketball Association (ABA) from 1970 to 1976. The Stars had been extremely popular in the city and had even won an ABA title in their first season after moving from Los Angeles",1,"The context explicitly states that Battistone decided to move the Jazz to Salt Lake City, making it the latest city the team is located in.","

On October 28, 2020, the Utah Jazz organization announced that Ryan Smith, an Oregon native (now based in Utah) and the billionaire co-founder of Qualtrics, had purchased the team from the Miller family. Smith agreed at the time of the sale to honor the terms of the legacy trust into which the Millers had placed the Jazz organization, including the provision requiring the team to be kept in Utah. On April 16, 2021, the Jazz announced that Dwyane Wade had purchased a minority ownership stake in the team and was expected to have hands-on involvement in team operations",0,"The context clearly states that Ryan Smith purchased the Utah Jazz team, making him the owner. The extracted value 'nan' is incorrect and does not reflect the ownership information provided.","

1990–1996: Working toward championship contention",0,"The context '1990–1996: Working toward championship contention' suggests the team was striving for championships during this period but does not confirm they won any. However, assigning a value of 0 implies certainty that no championships were won, which cannot be definitively concluded from the given context. The context is ambiguous and does not provide enough information to verify the exact number of championships."
Washington Wizards,1961,Washington,Ted Leonsis,1,30,". Archived from the original on October 24, 2015. Retrieved August 22, 2015.
""Behind The Name – Wizards"". NBA.com. NBA Media Ventures, LLC. August 22, 2015. Archived from the original on January 7, 2016. Retrieved August 22, 2015.
""Wizards to Wear Alternate Uniforms for 2014–15 Season"". WashingtonWizards.com. NBA Media Ventures, LLC. July 23, 2014. Archived from the original on March 12, 2017. Retrieved March 10, 2017",1,"The context mentions 'Wizards' in relation to NBA.com and WashingtonWizards.com, which strongly implies the full team name is 'Washington Wizards'. This is consistent with the known official name of the NBA team.","

Franchise history


Team creation",0,"The context provided ('Franchise history', 'Team creation') does not include any specific year or numerical data to confirm the founded_year as 1961. Without explicit mention of the year, the value cannot be verified as correct.","

Home arenas",0,"The context 'Home arenas' does not provide any specific city or location information, so 'Washington' cannot be verified as correct.","

Leonsis completed his takeover of the Wizards and Verizon Center in June through his newly-formed holding company, Monumental Sports & Entertainment. He had previously purchased the Washington Capitals and Mystics from the Pollin family. Leonsis took a fan-centric approach to running the franchise, by listening and responding to the concerns of Wizards supporters through his email and personal website. He wrote a manifesto of 101 changes he hoped to implement during his ownership, including changing the team's colors back to the red, white and blue of the Bullets era, and possibly changing the team nickname back to ""Bullets"" as well",1,"The context explicitly states that Ted Leonsis completed his takeover of the Wizards and Verizon Center, indicating he is the owner of the team.",". They have appeared in 28 playoffs, won four conference titles (1971, 1975, 1978, 1979), and won eight division titles (1969, 1971, 1972, 1973, 1974, 1975, 1979, 2017). Their best season record, in 1975, was 60–22. Wes Unseld is the only player in franchise history to be named NBA MVP (1969) and Finals MVP (1978)",1,"The context mentions that the team won four conference titles and eight division titles, but only one NBA championship (implied by Wes Unseld being named Finals MVP in 1978, which typically corresponds to winning the NBA championship that year). Thus, the extracted value of 1 for championships is correct."
